CONFIRM_NUM,RENTER_LAST,CLAIM,CDP,CDP NAME,Week Of,INIT_DATE,HTZREGION,SET_STATE,ZONE,AREA_MGR,GENERAL_MGR,RENT_LOC,RES_ID,RENT_IND,CANCEL_ID,UNUSED_IND,CONTACT_GROUP,New Contact Group,CONTACT RANGE,ADJ LNAME,ADJ FNAME,BODY SHOP,CODE,KNUM,MONTH,ZIP,CANCEL REASON,INIT_DT_FINAL,DT_FROM_ALPHA1,DAY_DIF,HRS_DIF,MIN_DIF,MMR
037-SAMPLE1000,CUSTOMER_0001,CLAIM_0125,1238323,CDP_0004,2026-02-10,2026-02-12 09:00:00,WESTERN,CA,SPAC,AREA_MGR_0010,GEN_MGR_0001,5725-01    - Los Angeles Downtown HLE,1,0,0,1,HRD - OKC,HRD - OKC,(c)1-3 hrs,,ADJUSTER_0094,Caliber Collision,STF02,037-SAMPLE1000,202602,ZIP_0240, ,2026-02-12 13:11:00,2026-02-12 17:23:00,0,2,0,NO MMR
037-SAMPLE1001,CUSTOMER_0002,CLAIM_0154,1238321,CDP_0002,2026-01-13,2026-01-14 09:00:00,WESTERN,CA,SPAC,AREA_MGR_0010,GEN_MGR_0001,5725-01    - Los Angeles Downtown HLE,1,1,0,0,HRD - OKC,HRD - OKC,(d)3-6 hrs,,ADJUSTER_0056,Gerber Collision & Glass,STF02,037-SAMPLE1001,202601,ZIP_0469, ,2026-01-14 15:19:00,2026-01-14 18:12:00,0,4,30,MMR
037-SAMPLE1002,CUSTOMER_0003,CLAIM_0356,1238321,CDP_0002,2026-02-03,2026-02-03 09:00:00,WESTERN,CA,SPAC,AREA_MGR_0010,GEN_MGR_0001,5725-01    - Los Angeles Downtown HLE,1,0,0,1,HRD - OKC,HRD - OKC,(c)1-3 hrs,,ADJUSTER_0053,Service King,STF02,037-SAMPLE1002,202602,ZIP_0015, ,2026-02-03 15:10:00,2026-02-03 18:05:00,0,2,0,NO MMR
037-SAMPLE1003,CUSTOMER_0004,CLAIM_0359,1238325,CDP_0004,2026-01-13,2026-01-16 09:00:00,WESTERN,CA,SPAC,AREA_MGR_0010,GEN_MGR_0001,5725-01    - Los Angeles Downtown HLE,1,0,0,1,NO CONTACT,NO CONTACT,NO CONTACT,,ADJUSTER_0025,Maaco,STF02,037-SAMPLE1003,202601,ZIP_0135, ,2026-01-16 16:11:00,,0,0,0,MMR
037-SAMPLE1004,CUSTOMER_0005,CLAIM_0074,1238326,CDP_0002,2026-02-10,2026-02-10 09:00:00,WESTERN,CA,SPAC,AREA_MGR_0010,GEN_MGR_0001,5725-01    - Los Angeles Downtown HLE,1,1,0,0,HRD - OKC,HRD - OKC,(d)3-6 hrs,,ADJUSTER_0069,ABRA Auto Body,STF02,037-SAMPLE1004,202602,ZIP_0391, ,2026-02-10 15:27:00,2026-02-10 14:42:00,0,4,30,NO MMR
037-SAMPLE1005,CUSTOMER_0006,CLAIM_0229,1238322,CDP_0003,2026-02-17,2026-02-20 09:00:00,WESTERN,CA,SPAC,AREA_MGR_0010,GEN_MGR_0001,5725-01    - Los Angeles Downtown HLE,1,1,0,0,NO CONTACT,NO CONTACT,NO CONTACT,,ADJUSTER_0043,Caliber Collision,STF02,037-SAMPLE1005,202602,ZIP_0017, ,2026-02-20 14:44:00,,,,,NO MMR
037-SAMPLE1006,CUSTOMER_0007,CLAIM_0130,1238324,CDP_0001,2026-01-06,2026-01-06 09:00:00,WESTERN,CA,SPAC,AREA_MGR_0010,GEN_MGR_0001,5725-01    - Los Angeles Downtown HLE,1,1,0,0,NO CONTACT,NO CONTACT,NO CONTACT,,ADJUSTER_0017,Gerber Collision & Glass,STF02,037-SAMPLE1006,202601,ZIP_0136, ,2026-01-06 15:37:00,,,,,NO MMR
037-SAMPLE1007,CUSTOMER_0008,CLAIM_0302,1238323,CDP_0001,2026-02-10,2026-02-12 09:00:00,WESTERN,CA,SPAC,AREA_MGR_0010,GEN_MGR_0001,5725-01    - Los Angeles Downtown HLE,1,1,0,0,NO CONTACT,NO CONTACT,NO CONTACT,,ADJUSTER_0033,Service King,STF02,037-SAMPLE1007,202602,ZIP_0424, ,2026-02-12 13:31:00,,,,,MMR
037-SAMPLE1008,CUSTOMER_0009,CLAIM_0263,1238326,CDP_0004,2026-02-10,2026-02-12 09:00:00,WESTERN,CA,SPAC,AREA_MGR_0010,GEN_MGR_0001,5725-01    - Los Angeles Downtown HLE,1,1,0,0,NO CONTACT,NO CONTACT,NO CONTACT,,ADJUSTER_0014,Maaco,STF02,037-SAMPLE1008,202602,ZIP_0069, ,2026-02-12 10:25:00,,,,,MMR
037-SAMPLE1009,CUSTOMER_0010,CLAIM_0468,1238324,CDP_0002,2026-02-17,2026-02-20 09:00:00,WESTERN,CA,SPAC,AREA_MGR_0010,GEN_MGR_0001,5725-01    - Los Angeles Downtown HLE,1,0,1,0,NO CONTACT,NO CONTACT,NO CONTACT,,ADJUSTER_0036,ABRA Auto Body,STF02,037-SAMPLE1009,202602,ZIP_0030,,2026-02-20 12:35:00,,,,,NO MMR
037-SAMPLE1010,CUSTOMER_0011,CLAIM_0048,1238325,CDP_0006,2026-01-06,2026-01-09 09:00:00,WESTERN,CA,SPAC,AREA_MGR_0010,GEN_MGR_0001,5725-01    - Los Angeles Downtown HLE,1,1,0,0,NO CONTACT,NO CONTACT,NO CONTACT,,ADJUSTER_0060,Caliber Collision,STF02,037-SAMPLE1010,202601,ZIP_0096, ,2026-01-09 14:58:00,,,,,NO MMR
037-SAMPLE1011,CUSTOMER_0012,CLAIM_0217,1238321,CDP_0006,2026-01-27,2026-01-27 09:00:00,WESTERN,CA,SPAC,AREA_MGR_0010,GEN_MGR_0001,5725-01    - Los Angeles Downtown HLE,1,0,0,1,NO CONTACT,NO CONTACT,NO CONTACT,,ADJUSTER_0092,Gerber Collision & Glass,STF02,037-SAMPLE1011,202601,ZIP_0333, ,2026-01-27 16:01:00,,,,,MMR
037-SAMPLE1012,CUSTOMER_0013,CLAIM_0310,1238321,CDP_0004,2026-02-17,2026-02-18 09:00:00,WESTERN,CA,SPAC,AREA_MGR_0010,GEN_MGR_0001,5725-01    - Los Angeles Downtown HLE,1,1,0,0,NO CONTACT,NO CONTACT,NO CONTACT,,ADJUSTER_0054,Service King,STF02,037-SAMPLE1012,202602,ZIP_0479, ,2026-02-18 10:28:00,,,,,NO MMR
037-SAMPLE1013,CUSTOMER_0014,CLAIM_0200,1238326,CDP_0001,2026-02-17,2026-02-18 09:00:00,WESTERN,CA,SPAC,AREA_MGR_0010,GEN_MGR_0001,5725-01    - Los Angeles Downtown HLE,1,0,0,1,HRD - OKC,HRD - OKC,(c)1-3 hrs,,ADJUSTER_0027,Maaco,STF02,037-SAMPLE1013,202602,ZIP_0169, ,2026-02-18 11:12:00,2026-02-18 14:45:00,0,2,0,MMR
037-SAMPLE1014,CUSTOMER_0015,CLAIM_0438,1238326,CDP_0006,2026-01-13,2026-01-13 09:00:00,WESTERN,CA,SPAC,AREA_MGR_0010,GEN_MGR_0001,5725-01    - Los Angeles Downtown HLE,1,1,0,0,COUNTER,COUNTER,(a)<30min,,ADJUSTER_0064,ABRA Auto Body,STF02,037-SAMPLE1014,202601,ZIP_0344, ,2026-01-13 14:51:00,2026-01-13 17:17:00,0,0,15,NO MMR
037-SAMPLE1015,CUSTOMER_0016,CLAIM_0044,1238323,CDP_0004,2026-02-10,2026-02-13 09:00:00,WESTERN,CA,SPAC,AREA_MGR_0010,GEN_MGR_0001,5725-01    - Los Angeles Downtown HLE,1,0,0,1,NO CONTACT,NO CONTACT,NO CONTACT,,ADJUSTER_0027,Caliber Collision,STF02,037-SAMPLE1015,202602,ZIP_0257, ,2026-02-13 13:40:00,,0,0,0,NO MMR
037-SAMPLE1016,CUSTOMER_0017,CLAIM_0231,1238324,CDP_0001,2026-01-13,2026-01-13 09:00:00,WESTERN,CA,SPAC,AREA_MGR_0010,GEN_MGR_0001,5725-01    - Los Angeles Downtown HLE,1,0,0,1,COUNTER,COUNTER,(b)31min - 1hr,,ADJUSTER_0037,Gerber Collision & Glass,STF02,037-SAMPLE1016,202601,ZIP_0275, ,2026-01-13 12:40:00,2026-01-13 14:23:00,0,0,45,NO MMR
037-SAMPLE1017,CUSTOMER_0018,CLAIM_0338,1238324,CDP_0003,2026-01-06,2026-01-07 09:00:00,WESTERN,CA,SPAC,AREA_MGR_0010,GEN_MGR_0001,5725-01    - Los Angeles Downtown HLE,1,1,0,0,COUNTER,COUNTER,(a)<30min,,ADJUSTER_0031,Service King,STF02,037-SAMPLE1017,202601,ZIP_0240, ,2026-01-07 14:02:00,2026-01-07 14:49:00,0,0,15,NO MMR
037-SAMPLE1018,CUSTOMER_0019,CLAIM_0346,1238325,CDP_0004,2026-01-20,2026-01-20 09:00:00,WESTERN,CA,SPAC,AREA_MGR_0010,GEN_MGR_0001,5725-01    - Los Angeles Downtown HLE,1,1,0,0,HRD - OKC,HRD - OKC,(c)1-3 hrs,,ADJUSTER_0011,Maaco,STF02,037-SAMPLE1018,202601,ZIP_0470, ,2026-01-20 13:11:00,2026-01-20 13:34:00,0,2,0,MMR
037-SAMPLE1019,CUSTOMER_0020,CLAIM_0427,1238321,CDP_0004,2026-02-10,2026-02-11 09:00:00,WESTERN,CA,SPAC,AREA_MGR_0010,GEN_MGR_0001,5725-01    - Los Angeles Downtown HLE,1,0,0,1,NO CONTACT,NO CONTACT,NO CONTACT,,ADJUSTER_0095,ABRA Auto Body,STF02,037-SAMPLE1019,202602,ZIP_0230, ,2026-02-11 15:10:00,,0,0,0,MMR
037-SAMPLE1020,CUSTOMER_0021,CLAIM_0121,1238326,CDP_0002,2026-01-06,2026-01-07 09:00:00,WESTERN,CA,SPAC,AREA_MGR_0010,GEN_MGR_0001,5725-01    - Los Angeles Downtown HLE,1,0,0,1,NO CONTACT,NO CONTACT,NO CONTACT,,ADJUSTER_0012,Caliber Collision,STF02,037-SAMPLE1020,202601,ZIP_0237, ,2026-01-07 10:48:00,,0,0,0,MMR
037-SAMPLE1021,CUSTOMER_0022,CLAIM_0470,1238326,CDP_0002,2026-01-06,2026-01-09 09:00:00,WESTERN,CA,SPAC,AREA_MGR_0010,GEN_MGR_0001,5725-01    - Los Angeles Downtown HLE,1,0,1,0,COUNTER,COUNTER,(a)<30min,,ADJUSTER_0010,Gerber Collision & Glass,STF02,037-SAMPLE1021,202601,ZIP_0208,CUSTOMER CANCELLED,2026-01-09 15:29:00,2026-01-09 15:56:00,0,0,15,NO MMR
037-SAMPLE1022,CUSTOMER_0023,CLAIM_0426,1238322,CDP_0003,2026-02-10,2026-02-11 09:00:00,WESTERN,CA,SPAC,AREA_MGR_0010,GEN_MGR_0001,5725-01    - Los Angeles Downtown HLE,1,1,0,0,HRD - OKC,HRD - OKC,(d)3-6 hrs,,ADJUSTER_0083,Service King,STF02,037-SAMPLE1022,202602,ZIP_0183, ,2026-02-11 10:40:00,2026-02-11 12:12:00,0,4,30,NO MMR
037-SAMPLE1023,CUSTOMER_0024,CLAIM_0416,1238322,CDP_0004,2026-02-10,2026-02-11 09:00:00,WESTERN,CA,SPAC,AREA_MGR_0010,GEN_MGR_0001,5725-01    - Los Angeles Downtown HLE,1,1,0,0,COUNTER,COUNTER,(b)31min - 1hr,,ADJUSTER_0023,Maaco,STF02,037-SAMPLE1023,202602,ZIP_0152, ,2026-02-11 12:29:00,2026-02-11 18:11:00,0,0,45,MMR
037-SAMPLE1024,CUSTOMER_0025,CLAIM_0264,1238322,CDP_0001,2026-02-03,2026-02-05 09:00:00,WESTERN,CA,SPAC,AREA_MGR_0010,GEN_MGR_0001,5725-01    - Los Angeles Downtown HLE,1,1,0,0,COUNTER,COUNTER,(b)31min - 1hr,,ADJUSTER_0008,ABRA Auto Body,STF02,037-SAMPLE1024,202602,ZIP_0123, ,2026-02-05 13:15:00,2026-02-05 16:19:00,0,0,45,NO MMR
037-SAMPLE1025,CUSTOMER_0026,CLAIM_0282,1238323,CDP_0002,2026-02-03,2026-02-04 09:00:00,WESTERN,CA,SPAC,AREA_MGR_0010,GEN_MGR_0001,5725-01    - Los Angeles Downtown HLE,1,1,0,0,HRD - OKC,HRD - OKC,(c)1-3 hrs,,ADJUSTER_0045,Caliber Collision,STF02,037-SAMPLE1025,202602,ZIP_0358, ,2026-02-04 14:28:00,2026-02-04 15:59:00,0,2,0,MMR
037-SAMPLE1026,CUSTOMER_0027,CLAIM_0273,1238322,CDP_0003,2026-01-06,2026-01-09 09:00:00,WESTERN,CA,SPAC,AREA_MGR_0010,GEN_MGR_0001,5725-01    - Los Angeles Downtown HLE,1,0,0,1,HRD - OKC,HRD - OKC,(c)1-3 hrs,,ADJUSTER_0052,Gerber Collision & Glass,STF02,037-SAMPLE1026,202601,ZIP_0441, ,2026-01-09 13:45:00,2026-01-09 14:06:00,0,2,0,MMR
037-SAMPLE1027,CUSTOMER_0028,CLAIM_0298,1238324,CDP_0003,2026-01-06,2026-01-07 09:00:00,WESTERN,CA,SPAC,AREA_MGR_0010,GEN_MGR_0001,5725-01    - Los Angeles Downtown HLE,1,0,1,0,NO CONTACT,NO CONTACT,NO CONTACT,,ADJUSTER_0057,Service King,STF02,037-SAMPLE1027,202601,ZIP_0500,,2026-01-07 14:09:00,,0,0,0,NO MMR
037-SAMPLE1028,CUSTOMER_0029,CLAIM_0319,1238323,CDP_0002,2026-02-10,2026-02-10 09:00:00,WESTERN,CA,SPAC,AREA_MGR_0010,GEN_MGR_0001,5725-01    - Los Angeles Downtown HLE,1,1,0,0,COUNTER,COUNTER,(a)<30min,,ADJUSTER_0072,Maaco,STF02,037-SAMPLE1028,202602,ZIP_0317, ,2026-02-10 16:10:00,2026-02-10 16:24:00,0,0,15,NO MMR
037-SAMPLE1029,CUSTOMER_0030,CLAIM_0352,1238323,CDP_0002,2026-02-17,2026-02-20 09:00:00,WESTERN,CA,SPAC,AREA_MGR_0010,GEN_MGR_0001,5725-01    - Los Angeles Downtown HLE,1,0,1,0,COUNTER,COUNTER,(a)<30min,,ADJUSTER_0023,ABRA Auto Body,STF02,037-SAMPLE1029,202602,ZIP_0485,MERGE RESERVATION,2026-02-20 12:24:00,2026-02-20 18:19:00,0,0,15,NO MMR
037-SAMPLE1030,CUSTOMER_0031,CLAIM_0439,1238326,CDP_0003,2026-01-27,2026-01-28 09:00:00,WESTERN,CA,SPAC,AREA_MGR_0010,GEN_MGR_0001,5725-01    - Los Angeles Downtown HLE,1,0,0,1,HRD - OKC,HRD - OKC,(d)3-6 hrs,,ADJUSTER_0071,Caliber Collision,STF02,037-SAMPLE1030,202601,ZIP_0364, ,2026-01-28 14:23:00,2026-01-28 17:25:00,0,4,30,NO MMR
037-SAMPLE1031,CUSTOMER_0032,CLAIM_0026,1238325,CDP_0003,2026-01-20,2026-01-23 09:00:00,WESTERN,CA,SPAC,AREA_MGR_0010,GEN_MGR_0001,5725-01    - Los Angeles Downtown HLE,1,0,0,1,COUNTER,COUNTER,(a)<30min,,ADJUSTER_0025,Gerber Collision & Glass,STF02,037-SAMPLE1031,202601,ZIP_0133, ,2026-01-23 13:45:00,2026-01-23 17:04:00,0,0,15,NO MMR
037-SAMPLE1032,CUSTOMER_0033,CLAIM_0225,1238322,CDP_0006,2026-01-20,2026-01-22 09:00:00,WESTERN,CA,SPAC,AREA_MGR_0010,GEN_MGR_0001,5725-01    - Los Angeles Downtown HLE,1,1,0,0,COUNTER,COUNTER,(a)<30min,,ADJUSTER_0009,Service King,STF02,037-SAMPLE1032,202601,ZIP_0073, ,2026-01-22 10:01:00,2026-01-22 16:16:00,0,0,15,NO MMR
037-SAMPLE1033,CUSTOMER_0034,CLAIM_0135,1238325,CDP_0004,2026-01-06,2026-01-06 09:00:00,WESTERN,CA,SPAC,AREA_MGR_0010,GEN_MGR_0001,5725-01    - Los Angeles Downtown HLE,1,1,0,0,COUNTER,COUNTER,(a)<30min,,ADJUSTER_0087,Maaco,STF02,037-SAMPLE1033,202601,ZIP_0285, ,2026-01-06 16:55:00,2026-01-06 14:41:00,0,0,15,NO MMR
037-SAMPLE1034,CUSTOMER_0035,CLAIM_0269,1238323,CDP_0006,2026-02-10,2026-02-10 09:00:00,WESTERN,CA,SPAC,AREA_MGR_0010,GEN_MGR_0001,5725-01    - Los Angeles Downtown HLE,1,1,0,0,COUNTER,COUNTER,(b)31min - 1hr,,ADJUSTER_0067,ABRA Auto Body,STF02,037-SAMPLE1034,202602,ZIP_0374, ,2026-02-10 16:45:00,2026-02-10 16:06:00,0,0,45,MMR
037-SAMPLE1035,CUSTOMER_0036,CLAIM_0038,1238323,CDP_0002,2026-02-03,2026-02-04 09:00:00,WESTERN,CA,SPAC,AREA_MGR_0010,GEN_MGR_0001,5725-01    - Los Angeles Downtown HLE,1,0,0,1,NO CONTACT,NO CONTACT,NO CONTACT,,ADJUSTER_0047,Caliber Collision,STF02,037-SAMPLE1035,202602,ZIP_0084, ,2026-02-04 10:18:00,,0,0,0,NO MMR
037-SAMPLE1036,CUSTOMER_0037,CLAIM_0347,1238324,CDP_0003,2026-02-03,2026-02-06 09:00:00,WESTERN,CA,SPAC,AREA_MGR_0010,GEN_MGR_0001,5725-01    - Los Angeles Downtown HLE,1,1,0,0,HRD - OKC,HRD - OKC,(d)3-6 hrs,,ADJUSTER_0087,Gerber Collision & Glass,STF02,037-SAMPLE1036,202602,ZIP_0473, ,2026-02-06 14:25:00,2026-02-06 14:48:00,0,4,30,MMR
037-SAMPLE1037,CUSTOMER_0038,CLAIM_0262,1238324,CDP_0006,2026-02-17,2026-02-18 09:00:00,WESTERN,CA,SPAC,AREA_MGR_0010,GEN_MGR_0001,5725-01    - Los Angeles Downtown HLE,1,1,0,0,NO CONTACT,NO CONTACT,NO CONTACT,,ADJUSTER_0092,Service King,STF02,037-SAMPLE1037,202602,ZIP_0015, ,2026-02-18 10:55:00,,0,0,0,NO MMR
037-SAMPLE1038,CUSTOMER_0039,CLAIM_0057,1238321,CDP_0003,2026-01-20,2026-01-21 09:00:00,WESTERN,CA,SPAC,AREA_MGR_0010,GEN_MGR_0001,5725-01    - Los Angeles Downtown HLE,1,0,0,1,HRD - OKC,HRD - OKC,(c)1-3 hrs,,ADJUSTER_0073,Maaco,STF02,037-SAMPLE1038,202601,ZIP_0170, ,2026-01-21 13:40:00,2026-01-21 16:29:00,0,2,0,NO MMR
037-SAMPLE1039,CUSTOMER_0040,CLAIM_0022,1238325,CDP_0006,2026-01-13,2026-01-14 09:00:00,WESTERN,CA,SPAC,AREA_MGR_0010,GEN_MGR_0001,5725-01    - Los Angeles Downtown HLE,1,0,0,1,NO CONTACT,NO CONTACT,NO CONTACT,,ADJUSTER_0089,ABRA Auto Body,STF02,037-SAMPLE1039,202601,ZIP_0188, ,2026-01-14 16:04:00,,0,0,0,NO MMR
037-SAMPLE1040,CUSTOMER_0041,CLAIM_0264,1238323,CDP_0001,2026-01-13,2026-01-13 09:00:00,WESTERN,CA,SPAC,AREA_MGR_0010,GEN_MGR_0001,5725-01    - Los Angeles Downtown HLE,1,1,0,0,NO CONTACT,NO CONTACT,NO CONTACT,,ADJUSTER_0012,Caliber Collision,STF02,037-SAMPLE1040,202601,ZIP_0236, ,2026-01-13 11:45:00,,0,0,0,NO MMR
037-SAMPLE1041,CUSTOMER_0042,CLAIM_0120,1238323,CDP_0004,2026-02-17,2026-02-17 09:00:00,WESTERN,CA,SPAC,AREA_MGR_0010,GEN_MGR_0001,5725-01    - Los Angeles Downtown HLE,1,1,0,0,NO CONTACT,NO CONTACT,NO CONTACT,,ADJUSTER_0085,Gerber Collision & Glass,STF02,037-SAMPLE1041,202602,ZIP_0453, ,2026-02-17 10:36:00,,0,0,0,NO MMR
037-SAMPLE1042,CUSTOMER_0043,CLAIM_0359,1238321,CDP_0004,2026-02-10,2026-02-11 09:00:00,WESTERN,CA,SPAC,AREA_MGR_0010,GEN_MGR_0001,5725-01    - Los Angeles Downtown HLE,1,0,0,1,NO CONTACT,NO CONTACT,NO CONTACT,,ADJUSTER_0051,Service King,STF02,037-SAMPLE1042,202602,ZIP_0320, ,2026-02-11 14:15:00,,0,0,0,NO MMR
037-SAMPLE1043,CUSTOMER_0044,CLAIM_0015,1238324,CDP_0003,2026-01-13,2026-01-14 09:00:00,WESTERN,CA,SPAC,AREA_MGR_0010,GEN_MGR_0001,5725-01    - Los Angeles Downtown HLE,1,1,0,0,NO CONTACT,NO CONTACT,NO CONTACT,,ADJUSTER_0098,Maaco,STF02,037-SAMPLE1043,202601,ZIP_0180, ,2026-01-14 16:47:00,,0,0,0,NO MMR
037-SAMPLE1044,CUSTOMER_0045,CLAIM_0129,1238321,CDP_0004,2026-01-20,2026-01-22 09:00:00,WESTERN,CA,SPAC,AREA_MGR_0010,GEN_MGR_0001,5725-01    - Los Angeles Downtown HLE,1,1,0,0,COUNTER,COUNTER,(b)31min - 1hr,,ADJUSTER_0014,ABRA Auto Body,STF02,037-SAMPLE1044,202601,ZIP_0414, ,2026-01-22 12:53:00,2026-01-22 13:33:00,0,0,45,MMR
037-SAMPLE1045,CUSTOMER_0046,CLAIM_0012,1238326,CDP_0004,2026-01-20,2026-01-21 09:00:00,WESTERN,CA,SPAC,AREA_MGR_0010,GEN_MGR_0001,5725-01    - Los Angeles Downtown HLE,1,0,0,1,NO CONTACT,NO CONTACT,NO CONTACT,,ADJUSTER_0083,Caliber Collision,STF02,037-SAMPLE1045,202601,ZIP_0377, ,2026-01-21 12:37:00,,0,0,0,NO MMR
037-SAMPLE1046,CUSTOMER_0047,CLAIM_0416,1238325,CDP_0006,2026-01-06,2026-01-06 09:00:00,WESTERN,CA,SPAC,AREA_MGR_0010,GEN_MGR_0001,5725-01    - Los Angeles Downtown HLE,1,1,0,0,NO CONTACT,NO CONTACT,NO CONTACT,,ADJUSTER_0074,Gerber Collision & Glass,STF02,037-SAMPLE1046,202601,ZIP_0369, ,2026-01-06 14:17:00,,0,0,0,MMR
037-SAMPLE1047,CUSTOMER_0048,CLAIM_0361,1238323,CDP_0006,2026-02-17,2026-02-18 09:00:00,WESTERN,CA,SPAC,AREA_MGR_0010,GEN_MGR_0001,5725-01    - Los Angeles Downtown HLE,1,1,0,0,HRD - OKC,HRD - OKC,(c)1-3 hrs,,ADJUSTER_0035,Service King,STF02,037-SAMPLE1047,202602,ZIP_0292, ,2026-02-18 14:56:00,2026-02-18 18:44:00,0,2,0,NO MMR
037-SAMPLE1048,CUSTOMER_0049,CLAIM_0088,1238325,CDP_0004,2026-01-06,2026-01-08 09:00:00,WESTERN,CA,SPAC,AREA_MGR_0010,GEN_MGR_0001,5725-01    - Los Angeles Downtown HLE,1,0,1,0,COUNTER,COUNTER,(b)31min - 1hr,,ADJUSTER_0089,Maaco,STF02,037-SAMPLE1048,202601,ZIP_0249,VEHICLE REPAIRED EARLY,2026-01-08 10:46:00,2026-01-08 13:37:00,0,0,45,NO MMR
037-SAMPLE1049,CUSTOMER_0050,CLAIM_0437,1238323,CDP_0004,2026-02-17,2026-02-18 09:00:00,WESTERN,CA,SPAC,AREA_MGR_0010,GEN_MGR_0001,5725-01    - Los Angeles Downtown HLE,1,0,0,1,NO CONTACT,NO CONTACT,NO CONTACT,,ADJUSTER_0082,ABRA Auto Body,STF02,037-SAMPLE1049,202602,ZIP_0250, ,2026-02-18 13:34:00,,0,0,0,MMR
037-SAMPLE1050,CUSTOMER_0051,CLAIM_0175,1238326,CDP_0001,2026-01-20,2026-01-21 09:00:00,WESTERN,CA,SPAC,AREA_MGR_0022,GEN_MGR_0002,7130-01    - San Francisco Airport HLE,1,0,0,1,COUNTER,COUNTER,(a)<30min,,ADJUSTER_0028,Caliber Collision,STF02,037-SAMPLE1050,202601,ZIP_0129, ,2026-01-21 13:34:00,2026-01-21 18:29:00,0,0,15,MMR
037-SAMPLE1051,CUSTOMER_0052,CLAIM_0271,1238325,CDP_0006,2026-02-03,2026-02-05 09:00:00,WESTERN,CA,SPAC,AREA_MGR_0022,GEN_MGR_0002,7130-01    - San Francisco Airport HLE,1,0,1,0,NO CONTACT,NO CONTACT,NO CONTACT,,ADJUSTER_0042,Gerber Collision & Glass,STF02,037-SAMPLE1051,202602,ZIP_0107,,2026-02-05 13:06:00,,0,0,0,NO MMR
037-SAMPLE1052,CUSTOMER_0053,CLAIM_0492,1238322,CDP_0006,2026-01-20,2026-01-20 09:00:00,WESTERN,CA,SPAC,AREA_MGR_0022,GEN_MGR_0002,7130-01    - San Francisco Airport HLE,1,0,0,1,COUNTER,COUNTER,(a)<30min,,ADJUSTER_0071,Service King,STF02,037-SAMPLE1052,202601,ZIP_0279, ,2026-01-20 11:18:00,2026-01-20 18:32:00,0,0,15,NO MMR
037-SAMPLE1053,CUSTOMER_0054,CLAIM_0369,1238321,CDP_0006,2026-01-13,2026-01-14 09:00:00,WESTERN,CA,SPAC,AREA_MGR_0022,GEN_MGR_0002,7130-01    - San Francisco Airport HLE,1,0,1,0,NO CONTACT,NO CONTACT,NO CONTACT,,ADJUSTER_0094,Maaco,STF02,037-SAMPLE1053,202601,ZIP_0423,FOUND BETTER RATE,2026-01-14 16:19:00,,0,0,0,NO MMR
037-SAMPLE1054,CUSTOMER_0055,CLAIM_0271,1238326,CDP_0006,2026-01-13,2026-01-14 09:00:00,WESTERN,CA,SPAC,AREA_MGR_0022,GEN_MGR_0002,7130-01    - San Francisco Airport HLE,1,1,0,0,COUNTER,COUNTER,(a)<30min,,ADJUSTER_0041,ABRA Auto Body,STF02,037-SAMPLE1054,202601,ZIP_0394, ,2026-01-14 11:50:00,2026-01-14 18:03:00,0,0,15,MMR
037-SAMPLE1055,CUSTOMER_0056,CLAIM_0066,1238324,CDP_0002,2026-01-13,2026-01-14 09:00:00,WESTERN,CA,SPAC,AREA_MGR_0022,GEN_MGR_0002,7130-01    - San Francisco Airport HLE,1,0,0,1,HRD - OKC,HRD - OKC,(d)3-6 hrs,,ADJUSTER_0047,Caliber Collision,STF02,037-SAMPLE1055,202601,ZIP_0309, ,2026-01-14 11:13:00,2026-01-14 14:11:00,0,4,30,MMR
037-SAMPLE1056,CUSTOMER_0057,CLAIM_0250,1238324,CDP_0006,2026-02-03,2026-02-03 09:00:00,WESTERN,CA,SPAC,AREA_MGR_0022,GEN_MGR_0002,7130-01    - San Francisco Airport HLE,1,0,0,1,HRD - OKC,HRD - OKC,(d)3-6 hrs,,ADJUSTER_0094,Gerber Collision & Glass,STF02,037-SAMPLE1056,202602,ZIP_0433, ,2026-02-03 11:06:00,2026-02-03 16:42:00,0,4,30,NO MMR
037-SAMPLE1057,CUSTOMER_0058,CLAIM_0143,1238324,CDP_0006,2026-01-20,2026-01-23 09:00:00,WESTERN,CA,SPAC,AREA_MGR_0022,GEN_MGR_0002,7130-01    - San Francisco Airport HLE,1,0,0,1,NO CONTACT,NO CONTACT,NO CONTACT,,ADJUSTER_0056,Service King,STF02,037-SAMPLE1057,202601,ZIP_0098, ,2026-01-23 12:07:00,,0,0,0,NO MMR
037-SAMPLE1058,CUSTOMER_0059,CLAIM_0402,1238324,CDP_0006,2026-02-10,2026-02-13 09:00:00,WESTERN,CA,SPAC,AREA_MGR_0022,GEN_MGR_0002,7130-01    - San Francisco Airport HLE,1,0,0,1,HRD - OKC,HRD - OKC,(d)3-6 hrs,,ADJUSTER_0029,Maaco,STF02,037-SAMPLE1058,202602,ZIP_0058, ,2026-02-13 14:58:00,2026-02-13 14:03:00,0,4,30,NO MMR
037-SAMPLE1059,CUSTOMER_0060,CLAIM_0292,1238322,CDP_0001,2026-01-27,2026-01-28 09:00:00,WESTERN,CA,SPAC,AREA_MGR_0022,GEN_MGR_0002,7130-01    - San Francisco Airport HLE,1,1,0,0,HRD - OKC,HRD - OKC,(c)1-3 hrs,,ADJUSTER_0043,ABRA Auto Body,STF02,037-SAMPLE1059,202601,ZIP_0278, ,2026-01-28 12:16:00,2026-01-28 18:59:00,0,2,0,NO MMR
037-SAMPLE1060,CUSTOMER_0061,CLAIM_0050,1238325,CDP_0006,2026-02-03,2026-02-04 09:00:00,WESTERN,CA,SPAC,AREA_MGR_0022,GEN_MGR_0002,7130-01    - San Francisco Airport HLE,1,0,1,0,COUNTER,COUNTER,(a)<30min,,ADJUSTER_0059,Caliber Collision,STF02,037-SAMPLE1060,202602,ZIP_0390,FOUND BETTER RATE,2026-02-04 15:27:00,2026-02-04 17:28:00,0,0,15,NO MMR
037-SAMPLE1061,CUSTOMER_0062,CLAIM_0213,1238322,CDP_0003,2026-01-06,2026-01-07 09:00:00,WESTERN,CA,SPAC,AREA_MGR_0022,GEN_MGR_0002,7130-01    - San Francisco Airport HLE,1,0,1,0,HRD - OKC,HRD - OKC,(c)1-3 hrs,,ADJUSTER_0088,Gerber Collision & Glass,STF02,037-SAMPLE1061,202601,ZIP_0117,NO LONGER NEEDED,2026-01-07 16:44:00,2026-01-07 15:37:00,0,2,0,NO MMR
037-SAMPLE1062,CUSTOMER_0063,CLAIM_0320,1238324,CDP_0001,2026-02-17,2026-02-17 09:00:00,WESTERN,CA,SPAC,AREA_MGR_0022,GEN_MGR_0002,7130-01    - San Francisco Airport HLE,1,0,1,0,HRD - OKC,HRD - OKC,(c)1-3 hrs,,ADJUSTER_0087,Service King,STF02,037-SAMPLE1062,202602,ZIP_0224,VEHICLE REPAIRED EARLY,2026-02-17 15:25:00,2026-02-17 18:53:00,0,2,0,MMR
037-SAMPLE1063,CUSTOMER_0064,CLAIM_0120,1238321,CDP_0001,2026-02-17,2026-02-17 09:00:00,WESTERN,CA,SPAC,AREA_MGR_0022,GEN_MGR_0002,7130-01    - San Francisco Airport HLE,1,0,1,0,COUNTER,COUNTER,(a)<30min,,ADJUSTER_0091,Maaco,STF02,037-SAMPLE1063,202602,ZIP_0329,CUSTOMER CANCELLED,2026-02-17 10:57:00,2026-02-17 18:03:00,0,0,15,MMR
037-SAMPLE1064,CUSTOMER_0065,CLAIM_0144,1238322,CDP_0002,2026-01-27,2026-01-29 09:00:00,WESTERN,CA,SPAC,AREA_MGR_0022,GEN_MGR_0002,7130-01    - San Francisco Airport HLE,1,1,0,0,HRD - OKC,HRD - OKC,(c)1-3 hrs,,ADJUSTER_0016,ABRA Auto Body,STF02,037-SAMPLE1064,202601,ZIP_0183, ,2026-01-29 15:33:00,2026-01-29 14:37:00,0,2,0,MMR
037-SAMPLE1065,CUSTOMER_0066,CLAIM_0418,1238325,CDP_0006,2026-02-10,2026-02-13 09:00:00,WESTERN,CA,SPAC,AREA_MGR_0022,GEN_MGR_0002,7130-01    - San Francisco Airport HLE,1,0,0,1,HRD - OKC,HRD - OKC,(c)1-3 hrs,,ADJUSTER_0056,Caliber Collision,STF02,037-SAMPLE1065,202602,ZIP_0354, ,2026-02-13 11:52:00,2026-02-13 17:38:00,0,2,0,MMR
037-SAMPLE1066,CUSTOMER_0067,CLAIM_0320,1238326,CDP_0003,2026-01-06,2026-01-07 09:00:00,WESTERN,CA,SPAC,AREA_MGR_0022,GEN_MGR_0002,7130-01    - San Francisco Airport HLE,1,0,0,1,COUNTER,COUNTER,(a)<30min,,ADJUSTER_0020,Gerber Collision & Glass,STF02,037-SAMPLE1066,202601,ZIP_0238, ,2026-01-07 13:09:00,2026-01-07 15:01:00,0,0,15,MMR
037-SAMPLE1067,CUSTOMER_0068,CLAIM_0068,1238324,CDP_0003,2026-01-06,2026-01-07 09:00:00,WESTERN,CA,SPAC,AREA_MGR_0022,GEN_MGR_0002,7130-01    - San Francisco Airport HLE,1,1,0,0,COUNTER,COUNTER,(b)31min - 1hr,,ADJUSTER_0029,Service King,STF02,037-SAMPLE1067,202601,ZIP_0288, ,2026-01-07 13:29:00,2026-01-07 13:08:00,0,0,45,MMR
037-SAMPLE1068,CUSTOMER_0069,CLAIM_0497,1238326,CDP_0002,2026-01-06,2026-01-07 09:00:00,WESTERN,CA,SPAC,AREA_MGR_0022,GEN_MGR_0002,7130-01    - San Francisco Airport HLE,1,1,0,0,HRD - OKC,HRD - OKC,(c)1-3 hrs,,ADJUSTER_0002,Maaco,STF02,037-SAMPLE1068,202601,ZIP_0274, ,2026-01-07 14:43:00,2026-01-07 12:27:00,0,2,0,NO MMR
037-SAMPLE1069,CUSTOMER_0070,CLAIM_0217,1238323,CDP_0006,2026-01-13,2026-01-14 09:00:00,WESTERN,CA,SPAC,AREA_MGR_0022,GEN_MGR_0002,7130-01    - San Francisco Airport HLE,1,0,1,0,COUNTER,COUNTER,(a)<30min,,ADJUSTER_0051,ABRA Auto Body,STF02,037-SAMPLE1069,202601,ZIP_0398,,2026-01-14 11:42:00,2026-01-14 16:09:00,0,0,15,NO MMR
037-SAMPLE1070,CUSTOMER_0071,CLAIM_0493,1238323,CDP_0004,2026-02-03,2026-02-04 09:00:00,WESTERN,CA,SPAC,AREA_MGR_0022,GEN_MGR_0002,7130-01    - San Francisco Airport HLE,1,0,0,1,HRD - OKC,HRD - OKC,(d)3-6 hrs,,ADJUSTER_0015,Caliber Collision,STF02,037-SAMPLE1070,202602,ZIP_0305, ,2026-02-04 12:06:00,2026-02-04 12:23:00,0,4,30,MMR
037-SAMPLE1071,CUSTOMER_0072,CLAIM_0223,1238323,CDP_0002,2026-01-27,2026-01-30 09:00:00,WESTERN,CA,SPAC,AREA_MGR_0022,GEN_MGR_0002,7130-01    - San Francisco Airport HLE,1,0,0,1,COUNTER,COUNTER,(b)31min - 1hr,,ADJUSTER_0018,Gerber Collision & Glass,STF02,037-SAMPLE1071,202601,ZIP_0344, ,2026-01-30 10:34:00,2026-01-30 18:38:00,0,0,45,NO MMR
037-SAMPLE1072,CUSTOMER_0073,CLAIM_0114,1238323,CDP_0004,2026-01-13,2026-01-14 09:00:00,WESTERN,CA,SPAC,AREA_MGR_0022,GEN_MGR_0002,7130-01    - San Francisco Airport HLE,1,0,0,1,COUNTER,COUNTER,(b)31min - 1hr,,ADJUSTER_0001,Service King,STF02,037-SAMPLE1072,202601,ZIP_0227, ,2026-01-14 11:38:00,2026-01-14 15:56:00,0,0,45,NO MMR
037-SAMPLE1073,CUSTOMER_0074,CLAIM_0156,1238324,CDP_0002,2026-01-20,2026-01-21 09:00:00,WESTERN,CA,SPAC,AREA_MGR_0022,GEN_MGR_0002,7130-01    - San Francisco Airport HLE,1,0,0,1,NO CONTACT,NO CONTACT,NO CONTACT,,ADJUSTER_0061,Maaco,STF02,037-SAMPLE1073,202601,ZIP_0040, ,2026-01-21 10:48:00,,0,0,0,NO MMR
037-SAMPLE1074,CUSTOMER_0075,CLAIM_0067,1238325,CDP_0002,2026-02-17,2026-02-18 09:00:00,WESTERN,CA,SPAC,AREA_MGR_0022,GEN_MGR_0002,7130-01    - San Francisco Airport HLE,1,0,0,1,NO CONTACT,NO CONTACT,NO CONTACT,,ADJUSTER_0009,ABRA Auto Body,STF02,037-SAMPLE1074,202602,ZIP_0069, ,2026-02-18 15:46:00,,0,0,0,NO MMR
037-SAMPLE1075,CUSTOMER_0076,CLAIM_0312,1238323,CDP_0002,2026-02-17,2026-02-17 09:00:00,WESTERN,CA,SPAC,AREA_MGR_0022,GEN_MGR_0002,7130-01    - San Francisco Airport HLE,1,0,1,0,NO CONTACT,NO CONTACT,NO CONTACT,,ADJUSTER_0099,Caliber Collision,STF02,037-SAMPLE1075,202602,ZIP_0111,CUSTOMER CANCELLED,2026-02-17 13:24:00,,0,0,0,NO MMR
037-SAMPLE1076,CUSTOMER_0077,CLAIM_0361,1238324,CDP_0001,2026-01-20,2026-01-23 09:00:00,WESTERN,CA,SPAC,AREA_MGR_0022,GEN_MGR_0002,7130-01    - San Francisco Airport HLE,1,0,0,1,HRD - OKC,HRD - OKC,(c)1-3 hrs,,ADJUSTER_0011,Gerber Collision & Glass,STF02,037-SAMPLE1076,202601,ZIP_0357, ,2026-01-23 13:39:00,2026-01-23 15:23:00,0,2,0,MMR
037-SAMPLE1077,CUSTOMER_0078,CLAIM_0007,1238324,CDP_0003,2026-02-17,2026-02-19 09:00:00,WESTERN,CA,SPAC,AREA_MGR_0022,GEN_MGR_0002,7130-01    - San Francisco Airport HLE,1,0,0,1,COUNTER,COUNTER,(a)<30min,,ADJUSTER_0085,Service King,STF02,037-SAMPLE1077,202602,ZIP_0002, ,2026-02-19 12:32:00,2026-02-19 12:47:00,0,0,15,MMR
037-SAMPLE1078,CUSTOMER_0079,CLAIM_0088,1238324,CDP_0001,2026-01-13,2026-01-14 09:00:00,WESTERN,CA,SPAC,AREA_MGR_0022,GEN_MGR_0002,7130-01    - San Francisco Airport HLE,1,0,1,0,COUNTER,COUNTER,(b)31min - 1hr,,ADJUSTER_0072,Maaco,STF02,037-SAMPLE1078,202601,ZIP_0411,CUSTOMER CANCELLED,2026-01-14 14:21:00,2026-01-14 14:16:00,0,0,45,NO MMR
037-SAMPLE1079,CUSTOMER_0080,CLAIM_0460,1238325,CDP_0001,2026-02-10,2026-02-12 09:00:00,WESTERN,CA,SPAC,AREA_MGR_0022,GEN_MGR_0002,7130-01    - San Francisco Airport HLE,1,0,0,1,HRD - OKC,HRD - OKC,(c)1-3 hrs,,ADJUSTER_0060,ABRA Auto Body,STF02,037-SAMPLE1079,202602,ZIP_0208, ,2026-02-12 12:52:00,2026-02-12 15:18:00,0,2,0,MMR
037-SAMPLE1080,CUSTOMER_0081,CLAIM_0374,1238325,CDP_0004,2026-01-20,2026-01-22 09:00:00,WESTERN,CA,SPAC,AREA_MGR_0022,GEN_MGR_0002,7130-01    - San Francisco Airport HLE,1,0,0,1,COUNTER,COUNTER,(b)31min - 1hr,,ADJUSTER_0026,Caliber Collision,STF02,037-SAMPLE1080,202601,ZIP_0084, ,2026-01-22 16:01:00,2026-01-22 17:24:00,0,0,45,NO MMR
037-SAMPLE1081,CUSTOMER_0082,CLAIM_0263,1238323,CDP_0004,2026-02-10,2026-02-10 09:00:00,WESTERN,CA,SPAC,AREA_MGR_0022,GEN_MGR_0002,7130-01    - San Francisco Airport HLE,1,1,0,0,HRD - OKC,HRD - OKC,(c)1-3 hrs,,ADJUSTER_0089,Gerber Collision & Glass,STF02,037-SAMPLE1081,202602,ZIP_0096, ,2026-02-10 14:15:00,2026-02-10 14:26:00,0,2,0,NO MMR
037-SAMPLE1082,CUSTOMER_0083,CLAIM_0310,1238325,CDP_0006,2026-01-20,2026-01-20 09:00:00,WESTERN,CA,SPAC,AREA_MGR_0022,GEN_MGR_0002,7130-01    - San Francisco Airport HLE,1,0,0,1,NO CONTACT,NO CONTACT,NO CONTACT,,ADJUSTER_0090,Service King,STF02,037-SAMPLE1082,202601,ZIP_0114, ,2026-01-20 12:04:00,,0,0,0,NO MMR
037-SAMPLE1083,CUSTOMER_0084,CLAIM_0447,1238322,CDP_0006,2026-01-06,2026-01-08 09:00:00,WESTERN,CA,SPAC,AREA_MGR_0022,GEN_MGR_0002,7130-01    - San Francisco Airport HLE,1,0,0,1,HRD - OKC,HRD - OKC,(d)3-6 hrs,,ADJUSTER_0040,Maaco,STF02,037-SAMPLE1083,202601,ZIP_0464, ,2026-01-08 14:49:00,2026-01-08 12:57:00,0,4,30,NO MMR
037-SAMPLE1084,CUSTOMER_0085,CLAIM_0345,1238323,CDP_0003,2026-01-13,2026-01-14 09:00:00,WESTERN,CA,SPAC,AREA_MGR_0022,GEN_MGR_0002,7130-01    - San Francisco Airport HLE,1,0,1,0,COUNTER,COUNTER,(a)<30min,,ADJUSTER_0100,ABRA Auto Body,STF02,037-SAMPLE1084,202601,ZIP_0375,MERGE RESERVATION,2026-01-14 12:22:00,2026-01-14 14:29:00,0,0,15,NO MMR
037-SAMPLE1085,CUSTOMER_0086,CLAIM_0245,1238322,CDP_0003,2026-01-20,2026-01-20 09:00:00,WESTERN,CA,SPAC,AREA_MGR_0022,GEN_MGR_0002,7130-01    - San Francisco Airport HLE,1,1,0,0,HRD - OKC,HRD - OKC,(d)3-6 hrs,,ADJUSTER_0011,Caliber Collision,STF02,037-SAMPLE1085,202601,ZIP_0354, ,2026-01-20 14:31:00,2026-01-20 13:48:00,0,4,30,MMR
037-SAMPLE1086,CUSTOMER_0087,CLAIM_0010,1238326,CDP_0006,2026-02-10,2026-02-10 09:00:00,WESTERN,CA,SPAC,AREA_MGR_0022,GEN_MGR_0002,7130-01    - San Francisco Airport HLE,1,0,0,1,HRD - OKC,HRD - OKC,(d)3-6 hrs,,ADJUSTER_0058,Gerber Collision & Glass,STF02,037-SAMPLE1086,202602,ZIP_0338, ,2026-02-10 10:39:00,2026-02-10 14:59:00,0,4,30,MMR
037-SAMPLE1087,CUSTOMER_0088,CLAIM_0332,1238326,CDP_0002,2026-01-06,2026-01-09 09:00:00,WESTERN,CA,SPAC,AREA_MGR_0022,GEN_MGR_0002,7130-01    - San Francisco Airport HLE,1,0,0,1,COUNTER,COUNTER,(a)<30min,,ADJUSTER_0041,Service King,STF02,037-SAMPLE1087,202601,ZIP_0172, ,2026-01-09 16:55:00,2026-01-09 13:26:00,0,0,15,NO MMR
037-SAMPLE1088,CUSTOMER_0089,CLAIM_0132,1238323,CDP_0006,2026-02-03,2026-02-05 09:00:00,WESTERN,CA,SPAC,AREA_MGR_0022,GEN_MGR_0002,7130-01    - San Francisco Airport HLE,1,1,0,0,HRD - OKC,HRD - OKC,(d)3-6 hrs,,ADJUSTER_0038,Maaco,STF02,037-SAMPLE1088,202602,ZIP_0047, ,2026-02-05 14:22:00,2026-02-05 15:54:00,0,4,30,NO MMR
037-SAMPLE1089,CUSTOMER_0090,CLAIM_0463,1238321,CDP_0003,2026-01-20,2026-01-22 09:00:00,WESTERN,CA,SPAC,AREA_MGR_0022,GEN_MGR_0002,7130-01    - San Francisco Airport HLE,1,0,0,1,COUNTER,COUNTER,(b)31min - 1hr,,ADJUSTER_0003,ABRA Auto Body,STF02,037-SAMPLE1089,202601,ZIP_0148, ,2026-01-22 13:24:00,2026-01-22 14:27:00,0,0,45,MMR
037-SAMPLE1090,CUSTOMER_0091,CLAIM_0205,1238325,CDP_0003,2026-01-13,2026-01-14 09:00:00,WESTERN,CA,SPAC,AREA_MGR_0022,GEN_MGR_0002,7130-01    - San Francisco Airport HLE,1,0,1,0,COUNTER,COUNTER,(a)<30min,,ADJUSTER_0097,Caliber Collision,STF02,037-SAMPLE1090,202601,ZIP_0149,FOUND BETTER RATE,2026-01-14 11:40:00,2026-01-14 12:11:00,0,0,15,NO MMR
037-SAMPLE1091,CUSTOMER_0092,CLAIM_0161,1238325,CDP_0006,2026-02-17,2026-02-17 09:00:00,WESTERN,CA,SPAC,AREA_MGR_0022,GEN_MGR_0002,7130-01    - San Francisco Airport HLE,1,1,0,0,HRD - OKC,HRD - OKC,(d)3-6 hrs,,ADJUSTER_0012,Gerber Collision & Glass,STF02,037-SAMPLE1091,202602,ZIP_0248, ,2026-02-17 13:54:00,2026-02-17 13:52:00,0,4,30,NO MMR
037-SAMPLE1092,CUSTOMER_0093,CLAIM_0426,1238321,CDP_0004,2026-02-17,2026-02-19 09:00:00,WESTERN,CA,SPAC,AREA_MGR_0022,GEN_MGR_0002,7130-01    - San Francisco Airport HLE,1,1,0,0,HRD - OKC,HRD - OKC,(c)1-3 hrs,,ADJUSTER_0015,Service King,STF02,037-SAMPLE1092,202602,ZIP_0172, ,2026-02-19 10:39:00,2026-02-19 13:42:00,0,2,0,NO MMR
037-SAMPLE1093,CUSTOMER_0094,CLAIM_0403,1238325,CDP_0003,2026-01-06,2026-01-07 09:00:00,WESTERN,CA,SPAC,AREA_MGR_0022,GEN_MGR_0002,7130-01    - San Francisco Airport HLE,1,1,0,0,COUNTER,COUNTER,(b)31min - 1hr,,ADJUSTER_0046,Maaco,STF02,037-SAMPLE1093,202601,ZIP_0302, ,2026-01-07 16:04:00,2026-01-07 15:58:00,0,0,45,NO MMR
037-SAMPLE1094,CUSTOMER_0095,CLAIM_0015,1238324,CDP_0003,2026-01-13,2026-01-16 09:00:00,WESTERN,CA,SPAC,AREA_MGR_0022,GEN_MGR_0002,7130-01    - San Francisco Airport HLE,1,0,0,1,NO CONTACT,NO CONTACT,NO CONTACT,,ADJUSTER_0005,ABRA Auto Body,STF02,037-SAMPLE1094,202601,ZIP_0085, ,2026-01-16 12:41:00,,0,0,0,NO MMR
037-SAMPLE1095,CUSTOMER_0096,CLAIM_0053,1238323,CDP_0004,2026-02-10,2026-02-11 09:00:00,WESTERN,CA,SPAC,AREA_MGR_0022,GEN_MGR_0002,7130-01    - San Francisco Airport HLE,1,1,0,0,COUNTER,COUNTER,(b)31min - 1hr,,ADJUSTER_0091,Caliber Collision,STF02,037-SAMPLE1095,202602,ZIP_0128, ,2026-02-11 15:15:00,2026-02-11 13:02:00,0,0,45,NO MMR
037-SAMPLE1096,CUSTOMER_0097,CLAIM_0151,1238323,CDP_0006,2026-02-17,2026-02-20 09:00:00,WESTERN,CA,SPAC,AREA_MGR_0022,GEN_MGR_0002,7130-01    - San Francisco Airport HLE,1,1,0,0,COUNTER,COUNTER,(b)31min - 1hr,,ADJUSTER_0013,Gerber Collision & Glass,STF02,037-SAMPLE1096,202602,ZIP_0497, ,2026-02-20 10:27:00,2026-02-20 17:28:00,0,0,45,NO MMR
037-SAMPLE1097,CUSTOMER_0098,CLAIM_0331,1238322,CDP_0001,2026-02-17,2026-02-20 09:00:00,WESTERN,CA,SPAC,AREA_MGR_0022,GEN_MGR_0002,7130-01    - San Francisco Airport HLE,1,0,0,1,NO CONTACT,NO CONTACT,NO CONTACT,,ADJUSTER_0069,Service King,STF02,037-SAMPLE1097,202602,ZIP_0147, ,2026-02-20 15:32:00,,0,0,0,NO MMR
037-SAMPLE1098,CUSTOMER_0099,CLAIM_0051,1238323,CDP_0003,2026-01-27,2026-01-30 09:00:00,WESTERN,CA,SPAC,AREA_MGR_0022,GEN_MGR_0002,7130-01    - San Francisco Airport HLE,1,1,0,0,NO CONTACT,NO CONTACT,NO CONTACT,,ADJUSTER_0003,Maaco,STF02,037-SAMPLE1098,202601,ZIP_0253, ,2026-01-30 12:04:00,,0,0,0,NO MMR
037-SAMPLE1099,CUSTOMER_0100,CLAIM_0196,1238322,CDP_0001,2026-02-10,2026-02-12 09:00:00,WESTERN,CA,SPAC,AREA_MGR_0022,GEN_MGR_0002,7130-01    - San Francisco Airport HLE,1,1,0,0,HRD - OKC,HRD - OKC,(d)3-6 hrs,,ADJUSTER_0013,ABRA Auto Body,STF02,037-SAMPLE1099,202602,ZIP_0271, ,2026-02-12 16:44:00,2026-02-12 13:52:00,0,4,30,NO MMR
037-SAMPLE1100,CUSTOMER_0101,CLAIM_0052,1238323,CDP_0003,2026-01-06,2026-01-09 09:00:00,CENTRAL,IL,MW,AREA_MGR_0030,GEN_MGR_0059,2204-12    - Chicago O'Hare HLE,1,1,0,0,NO CONTACT,NO CONTACT,NO CONTACT,,ADJUSTER_0082,Caliber Collision,STF02,037-SAMPLE1100,202601,ZIP_0038, ,2026-01-09 16:38:00,,0,0,0,NO MMR
037-SAMPLE1101,CUSTOMER_0102,CLAIM_0341,1238324,CDP_0004,2026-02-03,2026-02-03 09:00:00,CENTRAL,IL,MW,AREA_MGR_0030,GEN_MGR_0059,2204-12    - Chicago O'Hare HLE,1,0,0,1,COUNTER,COUNTER,(b)31min - 1hr,,ADJUSTER_0053,Gerber Collision & Glass,STF02,037-SAMPLE1101,202602,ZIP_0054, ,2026-02-03 15:20:00,2026-02-03 16:44:00,0,0,45,NO MMR
037-SAMPLE1102,CUSTOMER_0103,CLAIM_0051,1238322,CDP_0004,2026-02-03,2026-02-04 09:00:00,CENTRAL,IL,MW,AREA_MGR_0030,GEN_MGR_0059,2204-12    - Chicago O'Hare HLE,1,0,1,0,HRD - OKC,HRD - OKC,(d)3-6 hrs,,ADJUSTER_0088,Service King,STF02,037-SAMPLE1102,202602,ZIP_0330,CUSTOMER CANCELLED,2026-02-04 12:28:00,2026-02-04 18:11:00,0,4,30,NO MMR
037-SAMPLE1103,CUSTOMER_0104,CLAIM_0458,1238325,CDP_0003,2026-01-06,2026-01-06 09:00:00,CENTRAL,IL,MW,AREA_MGR_0030,GEN_MGR_0059,2204-12    - Chicago O'Hare HLE,1,1,0,0,HRD - OKC,HRD - OKC,(d)3-6 hrs,,ADJUSTER_0074,Maaco,STF02,037-SAMPLE1103,202601,ZIP_0294, ,2026-01-06 14:25:00,2026-01-06 18:02:00,0,4,30,NO MMR
037-SAMPLE1104,CUSTOMER_0105,CLAIM_0126,1238321,CDP_0003,2026-01-27,2026-01-30 09:00:00,CENTRAL,IL,MW,AREA_MGR_0030,GEN_MGR_0059,2204-12    - Chicago O'Hare HLE,1,0,1,0,HRD - OKC,HRD - OKC,(c)1-3 hrs,,ADJUSTER_0041,ABRA Auto Body,STF02,037-SAMPLE1104,202601,ZIP_0064,VEHICLE REPAIRED EARLY,2026-01-30 16:11:00,2026-01-30 16:47:00,0,2,0,NO MMR
037-SAMPLE1105,CUSTOMER_0106,CLAIM_0272,1238325,CDP_0006,2026-02-10,2026-02-10 09:00:00,CENTRAL,IL,MW,AREA_MGR_0030,GEN_MGR_0059,2204-12    - Chicago O'Hare HLE,1,1,0,0,NO CONTACT,NO CONTACT,NO CONTACT,,ADJUSTER_0044,Caliber Collision,STF02,037-SAMPLE1105,202602,ZIP_0166, ,2026-02-10 11:57:00,,0,0,0,MMR
037-SAMPLE1106,CUSTOMER_0107,CLAIM_0438,1238326,CDP_0006,2026-02-03,2026-02-05 09:00:00,CENTRAL,IL,MW,AREA_MGR_0030,GEN_MGR_0059,2204-12    - Chicago O'Hare HLE,1,0,0,1,NO CONTACT,NO CONTACT,NO CONTACT,,ADJUSTER_0079,Gerber Collision & Glass,STF02,037-SAMPLE1106,202602,ZIP_0201, ,2026-02-05 16:22:00,,0,0,0,MMR
037-SAMPLE1107,CUSTOMER_0108,CLAIM_0159,1238324,CDP_0001,2026-01-27,2026-01-30 09:00:00,CENTRAL,IL,MW,AREA_MGR_0030,GEN_MGR_0059,2204-12    - Chicago O'Hare HLE,1,1,0,0,NO CONTACT,NO CONTACT,NO CONTACT,,ADJUSTER_0022,Service King,STF02,037-SAMPLE1107,202601,ZIP_0307, ,2026-01-30 14:09:00,,0,0,0,MMR
037-SAMPLE1108,CUSTOMER_0109,CLAIM_0331,1238323,CDP_0006,2026-01-20,2026-01-22 09:00:00,CENTRAL,IL,MW,AREA_MGR_0030,GEN_MGR_0059,2204-12    - Chicago O'Hare HLE,1,0,0,1,HRD - OKC,HRD - OKC,(d)3-6 hrs,,ADJUSTER_0035,Maaco,STF02,037-SAMPLE1108,202601,ZIP_0096, ,2026-01-22 16:47:00,2026-01-22 15:52:00,0,4,30,MMR
037-SAMPLE1109,CUSTOMER_0110,CLAIM_0439,1238325,CDP_0006,2026-02-10,2026-02-12 09:00:00,CENTRAL,IL,MW,AREA_MGR_0030,GEN_MGR_0059,2204-12    - Chicago O'Hare HLE,1,1,0,0,NO CONTACT,NO CONTACT,NO CONTACT,,ADJUSTER_0058,ABRA Auto Body,STF02,037-SAMPLE1109,202602,ZIP_0347, ,2026-02-12 13:19:00,,0,0,0,NO MMR
037-SAMPLE1110,CUSTOMER_0111,CLAIM_0450,1238324,CDP_0003,2026-01-06,2026-01-09 09:00:00,CENTRAL,IL,MW,AREA_MGR_0030,GEN_MGR_0059,2204-12    - Chicago O'Hare HLE,1,0,0,1,HRD - OKC,HRD - OKC,(c)1-3 hrs,,ADJUSTER_0080,Caliber Collision,STF02,037-SAMPLE1110,202601,ZIP_0059, ,2026-01-09 12:02:00,2026-01-09 12:22:00,0,2,0,MMR
037-SAMPLE1111,CUSTOMER_0112,CLAIM_0094,1238322,CDP_0001,2026-01-13,2026-01-14 09:00:00,CENTRAL,IL,MW,AREA_MGR_0030,GEN_MGR_0059,2204-12    - Chicago O'Hare HLE,1,0,0,1,COUNTER,COUNTER,(a)<30min,,ADJUSTER_0089,Gerber Collision & Glass,STF02,037-SAMPLE1111,202601,ZIP_0172, ,2026-01-14 15:01:00,2026-01-14 17:58:00,0,0,15,NO MMR
037-SAMPLE1112,CUSTOMER_0113,CLAIM_0361,1238324,CDP_0002,2026-01-27,2026-01-29 09:00:00,CENTRAL,IL,MW,AREA_MGR_0030,GEN_MGR_0059,2204-12    - Chicago O'Hare HLE,1,1,0,0,COUNTER,COUNTER,(b)31min - 1hr,,ADJUSTER_0038,Service King,STF02,037-SAMPLE1112,202601,ZIP_0180, ,2026-01-29 16:40:00,2026-01-29 13:54:00,0,0,45,NO MMR
037-SAMPLE1113,CUSTOMER_0114,CLAIM_0215,1238323,CDP_0006,2026-01-27,2026-01-30 09:00:00,CENTRAL,IL,MW,AREA_MGR_0030,GEN_MGR_0059,2204-12    - Chicago O'Hare HLE,1,0,0,1,HRD - OKC,HRD - OKC,(d)3-6 hrs,,ADJUSTER_0012,Maaco,STF02,037-SAMPLE1113,202601,ZIP_0347, ,2026-01-30 14:44:00,2026-01-30 17:49:00,0,4,30,NO MMR
037-SAMPLE1114,CUSTOMER_0115,CLAIM_0154,1238324,CDP_0002,2026-01-06,2026-01-07 09:00:00,CENTRAL,IL,MW,AREA_MGR_0030,GEN_MGR_0059,2204-12    - Chicago O'Hare HLE,1,0,0,1,NO CONTACT,NO CONTACT,NO CONTACT,,ADJUSTER_0007,ABRA Auto Body,STF02,037-SAMPLE1114,202601,ZIP_0202, ,2026-01-07 10:32:00,,0,0,0,MMR
037-SAMPLE1115,CUSTOMER_0116,CLAIM_0408,1238325,CDP_0006,2026-02-17,2026-02-19 09:00:00,CENTRAL,IL,MW,AREA_MGR_0030,GEN_MGR_0059,2204-12    - Chicago O'Hare HLE,1,1,0,0,COUNTER,COUNTER,(b)31min - 1hr,,ADJUSTER_0002,Caliber Collision,STF02,037-SAMPLE1115,202602,ZIP_0397, ,2026-02-19 16:28:00,2026-02-19 13:49:00,0,0,45,NO MMR
037-SAMPLE1116,CUSTOMER_0117,CLAIM_0039,1238325,CDP_0002,2026-01-06,2026-01-09 09:00:00,CENTRAL,IL,MW,AREA_MGR_0030,GEN_MGR_0059,2204-12    - Chicago O'Hare HLE,1,1,0,0,NO CONTACT,NO CONTACT,NO CONTACT,,ADJUSTER_0061,Gerber Collision & Glass,STF02,037-SAMPLE1116,202601,ZIP_0366, ,2026-01-09 12:10:00,,0,0,0,NO MMR
037-SAMPLE1117,CUSTOMER_0118,CLAIM_0118,1238326,CDP_0006,2026-01-20,2026-01-20 09:00:00,CENTRAL,IL,MW,AREA_MGR_0030,GEN_MGR_0059,2204-12    - Chicago O'Hare HLE,1,0,0,1,HRD - OKC,HRD - OKC,(d)3-6 hrs,,ADJUSTER_0046,Service King,STF02,037-SAMPLE1117,202601,ZIP_0462, ,2026-01-20 11:53:00,2026-01-20 13:46:00,0,4,30,NO MMR
037-SAMPLE1118,CUSTOMER_0119,CLAIM_0327,1238325,CDP_0006,2026-02-10,2026-02-12 09:00:00,CENTRAL,IL,MW,AREA_MGR_0030,GEN_MGR_0059,2204-12    - Chicago O'Hare HLE,1,1,0,0,HRD - OKC,HRD - OKC,(d)3-6 hrs,,ADJUSTER_0051,Maaco,STF02,037-SAMPLE1118,202602,ZIP_0495, ,2026-02-12 13:17:00,2026-02-12 13:56:00,0,4,30,NO MMR
037-SAMPLE1119,CUSTOMER_0120,CLAIM_0419,1238324,CDP_0003,2026-02-17,2026-02-20 09:00:00,CENTRAL,IL,MW,AREA_MGR_0030,GEN_MGR_0059,2204-12    - Chicago O'Hare HLE,1,0,0,1,COUNTER,COUNTER,(a)<30min,,ADJUSTER_0018,ABRA Auto Body,STF02,037-SAMPLE1119,202602,ZIP_0277, ,2026-02-20 13:54:00,2026-02-20 16:18:00,0,0,15,NO MMR
037-SAMPLE1120,CUSTOMER_0121,CLAIM_0383,1238324,CDP_0002,2026-01-06,2026-01-09 09:00:00,CENTRAL,IL,MW,AREA_MGR_0030,GEN_MGR_0059,2204-12    - Chicago O'Hare HLE,1,1,0,0,HRD - OKC,HRD - OKC,(d)3-6 hrs,,ADJUSTER_0059,Caliber Collision,STF02,037-SAMPLE1120,202601,ZIP_0437, ,2026-01-09 12:59:00,2026-01-09 15:10:00,0,4,30,MMR
037-SAMPLE1121,CUSTOMER_0122,CLAIM_0423,1238326,CDP_0002,2026-02-17,2026-02-17 09:00:00,CENTRAL,IL,MW,AREA_MGR_0030,GEN_MGR_0059,2204-12    - Chicago O'Hare HLE,1,0,1,0,NO CONTACT,NO CONTACT,NO CONTACT,,ADJUSTER_0038,Gerber Collision & Glass,STF02,037-SAMPLE1121,202602,ZIP_0286,MERGE RESERVATION,2026-02-17 10:56:00,,0,0,0,NO MMR
037-SAMPLE1122,CUSTOMER_0123,CLAIM_0248,1238325,CDP_0004,2026-01-06,2026-01-08 09:00:00,CENTRAL,IL,MW,AREA_MGR_0030,GEN_MGR_0059,2204-12    - Chicago O'Hare HLE,1,0,1,0,COUNTER,COUNTER,(a)<30min,,ADJUSTER_0087,Service King,STF02,037-SAMPLE1122,202601,ZIP_0069,FOUND BETTER RATE,2026-01-08 11:06:00,2026-01-08 15:35:00,0,0,15,MMR
037-SAMPLE1123,CUSTOMER_0124,CLAIM_0366,1238321,CDP_0003,2026-01-06,2026-01-06 09:00:00,CENTRAL,IL,MW,AREA_MGR_0030,GEN_MGR_0059,2204-12    - Chicago O'Hare HLE,1,1,0,0,COUNTER,COUNTER,(b)31min - 1hr,,ADJUSTER_0031,Maaco,STF02,037-SAMPLE1123,202601,ZIP_0423, ,2026-01-06 15:48:00,2026-01-06 12:45:00,0,0,45,MMR
037-SAMPLE1124,CUSTOMER_0125,CLAIM_0031,1238322,CDP_0001,2026-01-27,2026-01-29 09:00:00,CENTRAL,IL,MW,AREA_MGR_0030,GEN_MGR_0059,2204-12    - Chicago O'Hare HLE,1,0,0,1,HRD - OKC,HRD - OKC,(d)3-6 hrs,,ADJUSTER_0069,ABRA Auto Body,STF02,037-SAMPLE1124,202601,ZIP_0098, ,2026-01-29 10:25:00,2026-01-29 18:24:00,0,4,30,NO MMR
037-SAMPLE1125,CUSTOMER_0126,CLAIM_0363,1238325,CDP_0001,2026-02-03,2026-02-03 09:00:00,CENTRAL,IL,MW,AREA_MGR_0030,GEN_MGR_0059,2204-12    - Chicago O'Hare HLE,1,0,0,1,COUNTER,COUNTER,(a)<30min,,ADJUSTER_0079,Caliber Collision,STF02,037-SAMPLE1125,202602,ZIP_0216, ,2026-02-03 11:36:00,2026-02-03 18:37:00,0,0,15,NO MMR
037-SAMPLE1126,CUSTOMER_0127,CLAIM_0198,1238324,CDP_0002,2026-01-13,2026-01-13 09:00:00,CENTRAL,IL,MW,AREA_MGR_0030,GEN_MGR_0059,2204-12    - Chicago O'Hare HLE,1,0,0,1,NO CONTACT,NO CONTACT,NO CONTACT,,ADJUSTER_0078,Gerber Collision & Glass,STF02,037-SAMPLE1126,202601,ZIP_0024, ,2026-01-13 14:57:00,,0,0,0,NO MMR
037-SAMPLE1127,CUSTOMER_0128,CLAIM_0317,1238324,CDP_0001,2026-01-13,2026-01-16 09:00:00,CENTRAL,IL,MW,AREA_MGR_0030,GEN_MGR_0059,2204-12    - Chicago O'Hare HLE,1,0,0,1,COUNTER,COUNTER,(b)31min - 1hr,,ADJUSTER_0047,Service King,STF02,037-SAMPLE1127,202601,ZIP_0093, ,2026-01-16 14:29:00,2026-01-16 15:10:00,0,0,45,NO MMR
037-SAMPLE1128,CUSTOMER_0129,CLAIM_0309,1238323,CDP_0004,2026-01-06,2026-01-08 09:00:00,CENTRAL,IL,MW,AREA_MGR_0030,GEN_MGR_0059,2204-12    - Chicago O'Hare HLE,1,1,0,0,HRD - OKC,HRD - OKC,(d)3-6 hrs,,ADJUSTER_0071,Maaco,STF02,037-SAMPLE1128,202601,ZIP_0124, ,2026-01-08 13:58:00,2026-01-08 12:21:00,0,4,30,MMR
037-SAMPLE1129,CUSTOMER_0130,CLAIM_0352,1238325,CDP_0003,2026-01-06,2026-01-09 09:00:00,CENTRAL,IL,MW,AREA_MGR_0030,GEN_MGR_0059,2204-12    - Chicago O'Hare HLE,1,0,0,1,HRD - OKC,HRD - OKC,(d)3-6 hrs,,ADJUSTER_0041,ABRA Auto Body,STF02,037-SAMPLE1129,202601,ZIP_0110, ,2026-01-09 16:07:00,2026-01-09 13:24:00,0,4,30,MMR
037-SAMPLE1130,CUSTOMER_0131,CLAIM_0383,1238326,CDP_0003,2026-02-10,2026-02-13 09:00:00,CENTRAL,IL,MW,AREA_MGR_0030,GEN_MGR_0059,2204-12    - Chicago O'Hare HLE,1,1,0,0,COUNTER,COUNTER,(b)31min - 1hr,,ADJUSTER_0079,Caliber Collision,STF02,037-SAMPLE1130,202602,ZIP_0056, ,2026-02-13 11:34:00,2026-02-13 17:32:00,0,0,45,NO MMR
037-SAMPLE1131,CUSTOMER_0132,CLAIM_0014,1238321,CDP_0001,2026-02-10,2026-02-13 09:00:00,CENTRAL,IL,MW,AREA_MGR_0030,GEN_MGR_0059,2204-12    - Chicago O'Hare HLE,1,0,1,0,HRD - OKC,HRD - OKC,(c)1-3 hrs,,ADJUSTER_0035,Gerber Collision & Glass,STF02,037-SAMPLE1131,202602,ZIP_0219,VEHICLE REPAIRED EARLY,2026-02-13 16:42:00,2026-02-13 18:30:00,0,2,0,MMR
037-SAMPLE1132,CUSTOMER_0133,CLAIM_0067,1238325,CDP_0006,2026-01-20,2026-01-21 09:00:00,CENTRAL,IL,MW,AREA_MGR_0030,GEN_MGR_0059,2204-12    - Chicago O'Hare HLE,1,0,0,1,HRD - OKC,HRD - OKC,(c)1-3 hrs,,ADJUSTER_0080,Service King,STF02,037-SAMPLE1132,202601,ZIP_0145, ,2026-01-21 16:15:00,2026-01-21 15:34:00,0,2,0,NO MMR
037-SAMPLE1133,CUSTOMER_0134,CLAIM_0287,1238322,CDP_0002,2026-02-17,2026-02-20 09:00:00,CENTRAL,IL,MW,AREA_MGR_0030,GEN_MGR_0059,2204-12    - Chicago O'Hare HLE,1,0,1,0,NO CONTACT,NO CONTACT,NO CONTACT,,ADJUSTER_0065,Maaco,STF02,037-SAMPLE1133,202602,ZIP_0499,VEHICLE REPAIRED EARLY,2026-02-20 12:09:00,,0,0,0,MMR
037-SAMPLE1134,CUSTOMER_0135,CLAIM_0031,1238326,CDP_0004,2026-01-20,2026-01-20 09:00:00,CENTRAL,IL,MW,AREA_MGR_0030,GEN_MGR_0059,2204-12    - Chicago O'Hare HLE,1,1,0,0,HRD - OKC,HRD - OKC,(d)3-6 hrs,,ADJUSTER_0069,ABRA Auto Body,STF02,037-SAMPLE1134,202601,ZIP_0242, ,2026-01-20 11:26:00,2026-01-20 12:47:00,0,4,30,NO MMR
037-SAMPLE1135,CUSTOMER_0136,CLAIM_0038,1238321,CDP_0003,2026-01-13,2026-01-13 09:00:00,CENTRAL,IL,MW,AREA_MGR_0030,GEN_MGR_0059,2204-12    - Chicago O'Hare HLE,1,1,0,0,COUNTER,COUNTER,(a)<30min,,ADJUSTER_0100,Caliber Collision,STF02,037-SAMPLE1135,202601,ZIP_0050, ,2026-01-13 10:38:00,2026-01-13 13:20:00,0,0,15,MMR
037-SAMPLE1136,CUSTOMER_0137,CLAIM_0469,1238323,CDP_0004,2026-01-20,2026-01-20 09:00:00,CENTRAL,IL,MW,AREA_MGR_0030,GEN_MGR_0059,2204-12    - Chicago O'Hare HLE,1,1,0,0,HRD - OKC,HRD - OKC,(d)3-6 hrs,,ADJUSTER_0074,Gerber Collision & Glass,STF02,037-SAMPLE1136,202601,ZIP_0192, ,2026-01-20 13:09:00,2026-01-20 16:44:00,0,4,30,MMR
037-SAMPLE1137,CUSTOMER_0138,CLAIM_0134,1238326,CDP_0003,2026-01-06,2026-01-08 09:00:00,CENTRAL,IL,MW,AREA_MGR_0030,GEN_MGR_0059,2204-12    - Chicago O'Hare HLE,1,0,0,1,HRD - OKC,HRD - OKC,(c)1-3 hrs,,ADJUSTER_0028,Service King,STF02,037-SAMPLE1137,202601,ZIP_0481, ,2026-01-08 15:16:00,2026-01-08 14:58:00,0,2,0,NO MMR
037-SAMPLE1138,CUSTOMER_0139,CLAIM_0312,1238326,CDP_0002,2026-02-03,2026-02-05 09:00:00,CENTRAL,IL,MW,AREA_MGR_0030,GEN_MGR_0059,2204-12    - Chicago O'Hare HLE,1,0,0,1,COUNTER,COUNTER,(a)<30min,,ADJUSTER_0060,Maaco,STF02,037-SAMPLE1138,202602,ZIP_0016, ,2026-02-05 11:59:00,2026-02-05 17:31:00,0,0,15,MMR
037-SAMPLE1139,CUSTOMER_0140,CLAIM_0265,1238323,CDP_0001,2026-01-13,2026-01-16 09:00:00,CENTRAL,IL,MW,AREA_MGR_0030,GEN_MGR_0059,2204-12    - Chicago O'Hare HLE,1,0,0,1,COUNTER,COUNTER,(b)31min - 1hr,,ADJUSTER_0096,ABRA Auto Body,STF02,037-SAMPLE1139,202601,ZIP_0015, ,2026-01-16 12:05:00,2026-01-16 17:10:00,0,0,45,NO MMR
037-SAMPLE1140,CUSTOMER_0141,CLAIM_0470,1238325,CDP_0003,2026-01-13,2026-01-15 09:00:00,CENTRAL,IL,MW,AREA_MGR_0030,GEN_MGR_0059,2204-12    - Chicago O'Hare HLE,1,0,0,1,NO CONTACT,NO CONTACT,NO CONTACT,,ADJUSTER_0035,Caliber Collision,STF02,037-SAMPLE1140,202601,ZIP_0457, ,2026-01-15 12:19:00,,0,0,0,NO MMR
037-SAMPLE1141,CUSTOMER_0142,CLAIM_0300,1238326,CDP_0006,2026-02-17,2026-02-19 09:00:00,CENTRAL,IL,MW,AREA_MGR_0030,GEN_MGR_0059,2204-12    - Chicago O'Hare HLE,1,1,0,0,NO CONTACT,NO CONTACT,NO CONTACT,,ADJUSTER_0061,Gerber Collision & Glass,STF02,037-SAMPLE1141,202602,ZIP_0029, ,2026-02-19 12:59:00,,0,0,0,MMR
037-SAMPLE1142,CUSTOMER_0143,CLAIM_0215,1238324,CDP_0006,2026-01-06,2026-01-06 09:00:00,CENTRAL,IL,MW,AREA_MGR_0030,GEN_MGR_0059,2204-12    - Chicago O'Hare HLE,1,0,0,1,HRD - OKC,HRD - OKC,(d)3-6 hrs,,ADJUSTER_0081,Service King,STF02,037-SAMPLE1142,202601,ZIP_0086, ,2026-01-06 11:02:00,2026-01-06 14:55:00,0,4,30,NO MMR
037-SAMPLE1143,CUSTOMER_0144,CLAIM_0139,1238325,CDP_0003,2026-01-27,2026-01-29 09:00:00,CENTRAL,IL,MW,AREA_MGR_0030,GEN_MGR_0059,2204-12    - Chicago O'Hare HLE,1,1,0,0,HRD - OKC,HRD - OKC,(d)3-6 hrs,,ADJUSTER_0068,Maaco,STF02,037-SAMPLE1143,202601,ZIP_0268, ,2026-01-29 12:24:00,2026-01-29 18:30:00,0,4,30,NO MMR
037-SAMPLE1144,CUSTOMER_0145,CLAIM_0131,1238322,CDP_0001,2026-01-27,2026-01-27 09:00:00,CENTRAL,IL,MW,AREA_MGR_0030,GEN_MGR_0059,2204-12    - Chicago O'Hare HLE,1,0,0,1,HRD - OKC,HRD - OKC,(c)1-3 hrs,,ADJUSTER_0066,ABRA Auto Body,STF02,037-SAMPLE1144,202601,ZIP_0197, ,2026-01-27 10:44:00,2026-01-27 13:55:00,0,2,0,MMR
037-SAMPLE1145,CUSTOMER_0146,CLAIM_0011,1238324,CDP_0003,2026-01-13,2026-01-15 09:00:00,CENTRAL,IL,MW,AREA_MGR_0030,GEN_MGR_0059,2204-12    - Chicago O'Hare HLE,1,0,1,0,HRD - OKC,HRD - OKC,(d)3-6 hrs,,ADJUSTER_0049,Caliber Collision,STF02,037-SAMPLE1145,202601,ZIP_0033,VEHICLE REPAIRED EARLY,2026-01-15 10:04:00,2026-01-15 12:50:00,0,4,30,NO MMR
037-SAMPLE1146,CUSTOMER_0147,CLAIM_0130,1238326,CDP_0003,2026-01-27,2026-01-28 09:00:00,CENTRAL,IL,MW,AREA_MGR_0030,GEN_MGR_0059,2204-12    - Chicago O'Hare HLE,1,1,0,0,COUNTER,COUNTER,(b)31min - 1hr,,ADJUSTER_0029,Gerber Collision & Glass,STF02,037-SAMPLE1146,202601,ZIP_0395, ,2026-01-28 14:28:00,2026-01-28 14:56:00,0,0,45,NO MMR
037-SAMPLE1147,CUSTOMER_0148,CLAIM_0367,1238324,CDP_0001,2026-01-13,2026-01-13 09:00:00,CENTRAL,IL,MW,AREA_MGR_0030,GEN_MGR_0059,2204-12    - Chicago O'Hare HLE,1,0,0,1,COUNTER,COUNTER,(b)31min - 1hr,,ADJUSTER_0067,Service King,STF02,037-SAMPLE1147,202601,ZIP_0128, ,2026-01-13 13:01:00,2026-01-13 13:14:00,0,0,45,MMR
037-SAMPLE1148,CUSTOMER_0149,CLAIM_0197,1238325,CDP_0003,2026-02-10,2026-02-12 09:00:00,CENTRAL,IL,MW,AREA_MGR_0030,GEN_MGR_0059,2204-12    - Chicago O'Hare HLE,1,1,0,0,HRD - OKC,HRD - OKC,(d)3-6 hrs,,ADJUSTER_0003,Maaco,STF02,037-SAMPLE1148,202602,ZIP_0051, ,2026-02-12 13:32:00,2026-02-12 17:41:00,0,4,30,NO MMR
037-SAMPLE1149,CUSTOMER_0150,CLAIM_0039,1238321,CDP_0003,2026-01-13,2026-01-15 09:00:00,CENTRAL,IL,MW,AREA_MGR_0030,GEN_MGR_0059,2204-12    - Chicago O'Hare HLE,1,1,0,0,COUNTER,COUNTER,(b)31min - 1hr,,ADJUSTER_0023,ABRA Auto Body,STF02,037-SAMPLE1149,202601,ZIP_0244, ,2026-01-15 13:34:00,2026-01-15 17:26:00,0,0,45,MMR
037-SAMPLE1150,CUSTOMER_0151,CLAIM_0147,1238326,CDP_0004,2026-02-10,2026-02-10 09:00:00,CENTRAL,TX,SW,AREA_MGR_0026,GEN_MGR_0030,7601-34    - Houston Galleria HLE,1,1,0,0,HRD - OKC,HRD - OKC,(d)3-6 hrs,,ADJUSTER_0045,Caliber Collision,STF02,037-SAMPLE1150,202602,ZIP_0093, ,2026-02-10 14:57:00,2026-02-10 17:14:00,0,4,30,NO MMR
037-SAMPLE1151,CUSTOMER_0152,CLAIM_0242,1238322,CDP_0006,2026-01-13,2026-01-13 09:00:00,CENTRAL,TX,SW,AREA_MGR_0026,GEN_MGR_0030,7601-34    - Houston Galleria HLE,1,1,0,0,NO CONTACT,NO CONTACT,NO CONTACT,,ADJUSTER_0099,Gerber Collision & Glass,STF02,037-SAMPLE1151,202601,ZIP_0233, ,2026-01-13 16:56:00,,0,0,0,MMR
037-SAMPLE1152,CUSTOMER_0153,CLAIM_0217,1238321,CDP_0004,2026-02-10,2026-02-13 09:00:00,CENTRAL,TX,SW,AREA_MGR_0026,GEN_MGR_0030,7601-34    - Houston Galleria HLE,1,0,1,0,NO CONTACT,NO CONTACT,NO CONTACT,,ADJUSTER_0052,Service King,STF02,037-SAMPLE1152,202602,ZIP_0328,MERGE RESERVATION,2026-02-13 15:50:00,,0,0,0,NO MMR
037-SAMPLE1153,CUSTOMER_0154,CLAIM_0435,1238326,CDP_0003,2026-01-27,2026-01-29 09:00:00,CENTRAL,TX,SW,AREA_MGR_0026,GEN_MGR_0030,7601-34    - Houston Galleria HLE,1,0,0,1,NO CONTACT,NO CONTACT,NO CONTACT,,ADJUSTER_0027,Maaco,STF02,037-SAMPLE1153,202601,ZIP_0415, ,2026-01-29 11:08:00,,0,0,0,NO MMR
037-SAMPLE1154,CUSTOMER_0155,CLAIM_0390,1238324,CDP_0001,2026-02-03,2026-02-03 09:00:00,CENTRAL,TX,SW,AREA_MGR_0026,GEN_MGR_0030,7601-34    - Houston Galleria HLE,1,0,0,1,HRD - OKC,HRD - OKC,(c)1-3 hrs,,ADJUSTER_0017,ABRA Auto Body,STF02,037-SAMPLE1154,202602,ZIP_0343, ,2026-02-03 14:08:00,2026-02-03 14:41:00,0,2,0,NO MMR
037-SAMPLE1155,CUSTOMER_0156,CLAIM_0124,1238321,CDP_0002,2026-02-03,2026-02-04 09:00:00,CENTRAL,TX,SW,AREA_MGR_0026,GEN_MGR_0030,7601-34    - Houston Galleria HLE,1,0,0,1,HRD - OKC,HRD - OKC,(d)3-6 hrs,,ADJUSTER_0078,Caliber Collision,STF02,037-SAMPLE1155,202602,ZIP_0108, ,2026-02-04 10:20:00,2026-02-04 16:02:00,0,4,30,NO MMR
037-SAMPLE1156,CUSTOMER_0157,CLAIM_0028,1238324,CDP_0003,2026-01-20,2026-01-23 09:00:00,CENTRAL,TX,SW,AREA_MGR_0026,GEN_MGR_0030,7601-34    - Houston Galleria HLE,1,1,0,0,COUNTER,COUNTER,(b)31min - 1hr,,ADJUSTER_0073,Gerber Collision & Glass,STF02,037-SAMPLE1156,202601,ZIP_0144, ,2026-01-23 11:48:00,2026-01-23 12:06:00,0,0,45,NO MMR
037-SAMPLE1157,CUSTOMER_0158,CLAIM_0481,1238321,CDP_0003,2026-02-17,2026-02-20 09:00:00,CENTRAL,TX,SW,AREA_MGR_0026,GEN_MGR_0030,7601-34    - Houston Galleria HLE,1,1,0,0,COUNTER,COUNTER,(a)<30min,,ADJUSTER_0012,Service King,STF02,037-SAMPLE1157,202602,ZIP_0269, ,2026-02-20 13:14:00,2026-02-20 13:09:00,0,0,15,NO MMR
037-SAMPLE1158,CUSTOMER_0159,CLAIM_0234,1238325,CDP_0001,2026-01-06,2026-01-07 09:00:00,CENTRAL,TX,SW,AREA_MGR_0026,GEN_MGR_0030,7601-34    - Houston Galleria HLE,1,1,0,0,HRD - OKC,HRD - OKC,(c)1-3 hrs,,ADJUSTER_0095,Maaco,STF02,037-SAMPLE1158,202601,ZIP_0443, ,2026-01-07 15:39:00,2026-01-07 17:10:00,0,2,0,NO MMR
037-SAMPLE1159,CUSTOMER_0160,CLAIM_0408,1238325,CDP_0006,2026-02-03,2026-02-04 09:00:00,CENTRAL,TX,SW,AREA_MGR_0026,GEN_MGR_0030,7601-34    - Houston Galleria HLE,1,0,0,1,HRD - OKC,HRD - OKC,(c)1-3 hrs,,ADJUSTER_0001,ABRA Auto Body,STF02,037-SAMPLE1159,202602,ZIP_0005, ,2026-02-04 11:54:00,2026-02-04 14:30:00,0,2,0,NO MMR
037-SAMPLE1160,CUSTOMER_0161,CLAIM_0335,1238325,CDP_0002,2026-01-13,2026-01-13 09:00:00,CENTRAL,TX,SW,AREA_MGR_0026,GEN_MGR_0030,7601-34    - Houston Galleria HLE,1,1,0,0,HRD - OKC,HRD - OKC,(c)1-3 hrs,,ADJUSTER_0024,Caliber Collision,STF02,037-SAMPLE1160,202601,ZIP_0259, ,2026-01-13 13:47:00,2026-01-13 12:23:00,0,2,0,NO MMR
037-SAMPLE1161,CUSTOMER_0162,CLAIM_0379,1238321,CDP_0003,2026-01-13,2026-01-14 09:00:00,CENTRAL,TX,SW,AREA_MGR_0026,GEN_MGR_0030,7601-34    - Houston Galleria HLE,1,1,0,0,COUNTER,COUNTER,(a)<30min,,ADJUSTER_0004,Gerber Collision & Glass,STF02,037-SAMPLE1161,202601,ZIP_0256, ,2026-01-14 16:48:00,2026-01-14 14:14:00,0,0,15,MMR
037-SAMPLE1162,CUSTOMER_0163,CLAIM_0230,1238322,CDP_0006,2026-01-13,2026-01-13 09:00:00,CENTRAL,TX,SW,AREA_MGR_0026,GEN_MGR_0030,7601-34    - Houston Galleria HLE,1,1,0,0,COUNTER,COUNTER,(a)<30min,,ADJUSTER_0034,Service King,STF02,037-SAMPLE1162,202601,ZIP_0167, ,2026-01-13 15:49:00,2026-01-13 12:02:00,0,0,15,MMR
037-SAMPLE1163,CUSTOMER_0164,CLAIM_0249,1238326,CDP_0003,2026-01-27,2026-01-29 09:00:00,CENTRAL,TX,SW,AREA_MGR_0026,GEN_MGR_0030,7601-34    - Houston Galleria HLE,1,1,0,0,NO CONTACT,NO CONTACT,NO CONTACT,,ADJUSTER_0036,Maaco,STF02,037-SAMPLE1163,202601,ZIP_0388, ,2026-01-29 12:18:00,,0,0,0,NO MMR
037-SAMPLE1164,CUSTOMER_0165,CLAIM_0424,1238321,CDP_0004,2026-02-03,2026-02-03 09:00:00,CENTRAL,TX,SW,AREA_MGR_0026,GEN_MGR_0030,7601-34    - Houston Galleria HLE,1,1,0,0,COUNTER,COUNTER,(b)31min - 1hr,,ADJUSTER_0033,ABRA Auto Body,STF02,037-SAMPLE1164,202602,ZIP_0478, ,2026-02-03 10:24:00,2026-02-03 14:48:00,0,0,45,MMR
037-SAMPLE1165,CUSTOMER_0166,CLAIM_0476,1238324,CDP_0002,2026-01-27,2026-01-27 09:00:00,CENTRAL,TX,SW,AREA_MGR_0026,GEN_MGR_0030,7601-34    - Houston Galleria HLE,1,0,1,0,COUNTER,COUNTER,(a)<30min,,ADJUSTER_0080,Caliber Collision,STF02,037-SAMPLE1165,202601,ZIP_0180,MERGE RESERVATION,2026-01-27 12:34:00,2026-01-27 12:17:00,0,0,15,MMR
037-SAMPLE1166,CUSTOMER_0167,CLAIM_0007,1238321,CDP_0002,2026-01-20,2026-01-22 09:00:00,CENTRAL,TX,SW,AREA_MGR_0026,GEN_MGR_0030,7601-34    - Houston Galleria HLE,1,1,0,0,COUNTER,COUNTER,(b)31min - 1hr,,ADJUSTER_0029,Gerber Collision & Glass,STF02,037-SAMPLE1166,202601,ZIP_0447, ,2026-01-22 14:46:00,2026-01-22 12:07:00,0,0,45,NO MMR
037-SAMPLE1167,CUSTOMER_0168,CLAIM_0214,1238324,CDP_0001,2026-01-27,2026-01-30 09:00:00,CENTRAL,TX,SW,AREA_MGR_0026,GEN_MGR_0030,7601-34    - Houston Galleria HLE,1,0,1,0,COUNTER,COUNTER,(b)31min - 1hr,,ADJUSTER_0042,Service King,STF02,037-SAMPLE1167,202601,ZIP_0295,CUSTOMER CANCELLED,2026-01-30 14:43:00,2026-01-30 16:08:00,0,0,45,NO MMR
037-SAMPLE1168,CUSTOMER_0169,CLAIM_0176,1238325,CDP_0002,2026-01-27,2026-01-30 09:00:00,CENTRAL,TX,SW,AREA_MGR_0026,GEN_MGR_0030,7601-34    - Houston Galleria HLE,1,0,1,0,NO CONTACT,NO CONTACT,NO CONTACT,,ADJUSTER_0054,Maaco,STF02,037-SAMPLE1168,202601,ZIP_0068,CUSTOMER CANCELLED,2026-01-30 10:55:00,,0,0,0,NO MMR
037-SAMPLE1169,CUSTOMER_0170,CLAIM_0103,1238324,CDP_0004,2026-02-03,2026-02-03 09:00:00,CENTRAL,TX,SW,AREA_MGR_0026,GEN_MGR_0030,7601-34    - Houston Galleria HLE,1,1,0,0,NO CONTACT,NO CONTACT,NO CONTACT,,ADJUSTER_0071,ABRA Auto Body,STF02,037-SAMPLE1169,202602,ZIP_0336, ,2026-02-03 13:03:00,,0,0,0,MMR
037-SAMPLE1170,CUSTOMER_0171,CLAIM_0463,1238323,CDP_0003,2026-02-10,2026-02-12 09:00:00,CENTRAL,TX,SW,AREA_MGR_0026,GEN_MGR_0030,7601-34    - Houston Galleria HLE,1,1,0,0,NO CONTACT,NO CONTACT,NO CONTACT,,ADJUSTER_0002,Caliber Collision,STF02,037-SAMPLE1170,202602,ZIP_0292, ,2026-02-12 15:28:00,,0,0,0,MMR
037-SAMPLE1171,CUSTOMER_0172,CLAIM_0035,1238326,CDP_0002,2026-01-06,2026-01-07 09:00:00,CENTRAL,TX,SW,AREA_MGR_0026,GEN_MGR_0030,7601-34    - Houston Galleria HLE,1,0,0,1,HRD - OKC,HRD - OKC,(c)1-3 hrs,,ADJUSTER_0007,Gerber Collision & Glass,STF02,037-SAMPLE1171,202601,ZIP_0103, ,2026-01-07 12:14:00,2026-01-07 15:20:00,0,2,0,NO MMR
037-SAMPLE1172,CUSTOMER_0173,CLAIM_0226,1238322,CDP_0003,2026-01-20,2026-01-23 09:00:00,CENTRAL,TX,SW,AREA_MGR_0026,GEN_MGR_0030,7601-34    - Houston Galleria HLE,1,0,0,1,COUNTER,COUNTER,(b)31min - 1hr,,ADJUSTER_0042,Service King,STF02,037-SAMPLE1172,202601,ZIP_0175, ,2026-01-23 14:14:00,2026-01-23 12:54:00,0,0,45,NO MMR
037-SAMPLE1173,CUSTOMER_0174,CLAIM_0347,1238322,CDP_0006,2026-01-20,2026-01-22 09:00:00,CENTRAL,TX,SW,AREA_MGR_0026,GEN_MGR_0030,7601-34    - Houston Galleria HLE,1,1,0,0,COUNTER,COUNTER,(b)31min - 1hr,,ADJUSTER_0007,Maaco,STF02,037-SAMPLE1173,202601,ZIP_0172, ,2026-01-22 11:03:00,2026-01-22 13:45:00,0,0,45,NO MMR
037-SAMPLE1174,CUSTOMER_0175,CLAIM_0016,1238321,CDP_0002,2026-02-03,2026-02-05 09:00:00,CENTRAL,TX,SW,AREA_MGR_0026,GEN_MGR_0030,7601-34    - Houston Galleria HLE,1,0,0,1,HRD - OKC,HRD - OKC,(d)3-6 hrs,,ADJUSTER_0042,ABRA Auto Body,STF02,037-SAMPLE1174,202602,ZIP_0206, ,2026-02-05 12:19:00,2026-02-05 18:49:00,0,4,30,NO MMR
037-SAMPLE1175,CUSTOMER_0176,CLAIM_0300,1238323,CDP_0001,2026-02-10,2026-02-11 09:00:00,CENTRAL,TX,SW,AREA_MGR_0026,GEN_MGR_0030,7601-34    - Houston Galleria HLE,1,1,0,0,NO CONTACT,NO CONTACT,NO CONTACT,,ADJUSTER_0097,Caliber Collision,STF02,037-SAMPLE1175,202602,ZIP_0294, ,2026-02-11 11:28:00,,0,0,0,NO MMR
037-SAMPLE1176,CUSTOMER_0177,CLAIM_0027,1238325,CDP_0002,2026-02-17,2026-02-20 09:00:00,CENTRAL,TX,SW,AREA_MGR_0026,GEN_MGR_0030,7601-34    - Houston Galleria HLE,1,0,1,0,HRD - OKC,HRD - OKC,(c)1-3 hrs,,ADJUSTER_0064,Gerber Collision & Glass,STF02,037-SAMPLE1176,202602,ZIP_0261,MERGE RESERVATION,2026-02-20 14:40:00,2026-02-20 15:35:00,0,2,0,NO MMR
037-SAMPLE1177,CUSTOMER_0178,CLAIM_0308,1238321,CDP_0003,2026-01-27,2026-01-29 09:00:00,CENTRAL,TX,SW,AREA_MGR_0026,GEN_MGR_0030,7601-34    - Houston Galleria HLE,1,0,0,1,HRD - OKC,HRD - OKC,(d)3-6 hrs,,ADJUSTER_0029,Service King,STF02,037-SAMPLE1177,202601,ZIP_0279, ,2026-01-29 15:59:00,2026-01-29 12:42:00,0,4,30,NO MMR
037-SAMPLE1178,CUSTOMER_0179,CLAIM_0043,1238326,CDP_0004,2026-01-13,2026-01-14 09:00:00,CENTRAL,TX,SW,AREA_MGR_0026,GEN_MGR_0030,7601-34    - Houston Galleria HLE,1,1,0,0,COUNTER,COUNTER,(a)<30min,,ADJUSTER_0038,Maaco,STF02,037-SAMPLE1178,202601,ZIP_0110, ,2026-01-14 11:36:00,2026-01-14 12:06:00,0,0,15,NO MMR
037-SAMPLE1179,CUSTOMER_0180,CLAIM_0456,1238323,CDP_0004,2026-01-27,2026-01-29 09:00:00,CENTRAL,TX,SW,AREA_MGR_0026,GEN_MGR_0030,7601-34    - Houston Galleria HLE,1,1,0,0,HRD - OKC,HRD - OKC,(d)3-6 hrs,,ADJUSTER_0033,ABRA Auto Body,STF02,037-SAMPLE1179,202601,ZIP_0296, ,2026-01-29 15:09:00,2026-01-29 13:28:00,0,4,30,MMR
037-SAMPLE1180,CUSTOMER_0181,CLAIM_0222,1238322,CDP_0002,2026-02-10,2026-02-10 09:00:00,CENTRAL,TX,SW,AREA_MGR_0026,GEN_MGR_0030,7601-34    - Houston Galleria HLE,1,1,0,0,HRD - OKC,HRD - OKC,(d)3-6 hrs,,ADJUSTER_0079,Caliber Collision,STF02,037-SAMPLE1180,202602,ZIP_0175, ,2026-02-10 10:21:00,2026-02-10 16:58:00,0,4,30,NO MMR
037-SAMPLE1181,CUSTOMER_0182,CLAIM_0139,1238324,CDP_0003,2026-01-06,2026-01-09 09:00:00,CENTRAL,TX,SW,AREA_MGR_0026,GEN_MGR_0030,7601-34    - Houston Galleria HLE,1,1,0,0,COUNTER,COUNTER,(b)31min - 1hr,,ADJUSTER_0059,Gerber Collision & Glass,STF02,037-SAMPLE1181,202601,ZIP_0205, ,2026-01-09 14:27:00,2026-01-09 18:04:00,0,0,45,NO MMR
037-SAMPLE1182,CUSTOMER_0183,CLAIM_0023,1238321,CDP_0002,2026-02-10,2026-02-10 09:00:00,CENTRAL,TX,SW,AREA_MGR_0026,GEN_MGR_0030,7601-34    - Houston Galleria HLE,1,0,1,0,HRD - OKC,HRD - OKC,(c)1-3 hrs,,ADJUSTER_0070,Service King,STF02,037-SAMPLE1182,202602,ZIP_0071,VEHICLE REPAIRED EARLY,2026-02-10 11:34:00,2026-02-10 17:24:00,0,2,0,NO MMR
037-SAMPLE1183,CUSTOMER_0184,CLAIM_0078,1238323,CDP_0004,2026-01-13,2026-01-16 09:00:00,CENTRAL,TX,SW,AREA_MGR_0026,GEN_MGR_0030,7601-34    - Houston Galleria HLE,1,0,0,1,HRD - OKC,HRD - OKC,(c)1-3 hrs,,ADJUSTER_0042,Maaco,STF02,037-SAMPLE1183,202601,ZIP_0172, ,2026-01-16 11:47:00,2026-01-16 15:32:00,0,2,0,NO MMR
037-SAMPLE1184,CUSTOMER_0185,CLAIM_0129,1238324,CDP_0002,2026-01-27,2026-01-28 09:00:00,CENTRAL,TX,SW,AREA_MGR_0026,GEN_MGR_0030,7601-34    - Houston Galleria HLE,1,0,1,0,NO CONTACT,NO CONTACT,NO CONTACT,,ADJUSTER_0040,ABRA Auto Body,STF02,037-SAMPLE1184,202601,ZIP_0076,CUSTOMER CANCELLED,2026-01-28 16:05:00,,0,0,0,MMR
037-SAMPLE1185,CUSTOMER_0186,CLAIM_0456,1238325,CDP_0003,2026-01-13,2026-01-13 09:00:00,CENTRAL,TX,SW,AREA_MGR_0026,GEN_MGR_0030,7601-34    - Houston Galleria HLE,1,1,0,0,HRD - OKC,HRD - OKC,(c)1-3 hrs,,ADJUSTER_0072,Caliber Collision,STF02,037-SAMPLE1185,202601,ZIP_0423, ,2026-01-13 12:50:00,2026-01-13 13:59:00,0,2,0,NO MMR
037-SAMPLE1186,CUSTOMER_0187,CLAIM_0369,1238323,CDP_0006,2026-01-27,2026-01-29 09:00:00,CENTRAL,TX,SW,AREA_MGR_0026,GEN_MGR_0030,7601-34    - Houston Galleria HLE,1,1,0,0,HRD - OKC,HRD - OKC,(d)3-6 hrs,,ADJUSTER_0035,Gerber Collision & Glass,STF02,037-SAMPLE1186,202601,ZIP_0442, ,2026-01-29 14:54:00,2026-01-29 16:13:00,0,4,30,NO MMR
037-SAMPLE1187,CUSTOMER_0188,CLAIM_0495,1238323,CDP_0006,2026-02-10,2026-02-10 09:00:00,CENTRAL,TX,SW,AREA_MGR_0026,GEN_MGR_0030,7601-34    - Houston Galleria HLE,1,0,0,1,HRD - OKC,HRD - OKC,(d)3-6 hrs,,ADJUSTER_0051,Service King,STF02,037-SAMPLE1187,202602,ZIP_0408, ,2026-02-10 11:22:00,2026-02-10 16:31:00,0,4,30,NO MMR
037-SAMPLE1188,CUSTOMER_0189,CLAIM_0123,1238326,CDP_0006,2026-02-03,2026-02-04 09:00:00,CENTRAL,TX,SW,AREA_MGR_0026,GEN_MGR_0030,7601-34    - Houston Galleria HLE,1,0,0,1,COUNTER,COUNTER,(b)31min - 1hr,,ADJUSTER_0006,Maaco,STF02,037-SAMPLE1188,202602,ZIP_0121, ,2026-02-04 16:33:00,2026-02-04 17:26:00,0,0,45,NO MMR
037-SAMPLE1189,CUSTOMER_0190,CLAIM_0500,1238323,CDP_0006,2026-02-17,2026-02-20 09:00:00,CENTRAL,TX,SW,AREA_MGR_0026,GEN_MGR_0030,7601-34    - Houston Galleria HLE,1,1,0,0,HRD - OKC,HRD - OKC,(d)3-6 hrs,,ADJUSTER_0027,ABRA Auto Body,STF02,037-SAMPLE1189,202602,ZIP_0386, ,2026-02-20 12:11:00,2026-02-20 18:19:00,0,4,30,NO MMR
037-SAMPLE1190,CUSTOMER_0191,CLAIM_0498,1238321,CDP_0001,2026-01-27,2026-01-28 09:00:00,CENTRAL,TX,SW,AREA_MGR_0026,GEN_MGR_0030,7601-34    - Houston Galleria HLE,1,0,0,1,COUNTER,COUNTER,(a)<30min,,ADJUSTER_0013,Caliber Collision,STF02,037-SAMPLE1190,202601,ZIP_0442, ,2026-01-28 11:13:00,2026-01-28 14:54:00,0,0,15,NO MMR
037-SAMPLE1191,CUSTOMER_0192,CLAIM_0351,1238325,CDP_0002,2026-02-17,2026-02-18 09:00:00,CENTRAL,TX,SW,AREA_MGR_0026,GEN_MGR_0030,7601-34    - Houston Galleria HLE,1,0,0,1,COUNTER,COUNTER,(b)31min - 1hr,,ADJUSTER_0024,Gerber Collision & Glass,STF02,037-SAMPLE1191,202602,ZIP_0116, ,2026-02-18 12:26:00,2026-02-18 14:51:00,0,0,45,NO MMR
037-SAMPLE1192,CUSTOMER_0193,CLAIM_0216,1238322,CDP_0001,2026-01-13,2026-01-13 09:00:00,CENTRAL,TX,SW,AREA_MGR_0026,GEN_MGR_0030,7601-34    - Houston Galleria HLE,1,0,1,0,COUNTER,COUNTER,(b)31min - 1hr,,ADJUSTER_0017,Service King,STF02,037-SAMPLE1192,202601,ZIP_0384,NO LONGER NEEDED,2026-01-13 14:44:00,2026-01-13 13:15:00,0,0,45,NO MMR
037-SAMPLE1193,CUSTOMER_0194,CLAIM_0018,1238321,CDP_0006,2026-01-13,2026-01-14 09:00:00,CENTRAL,TX,SW,AREA_MGR_0026,GEN_MGR_0030,7601-34    - Houston Galleria HLE,1,0,1,0,NO CONTACT,NO CONTACT,NO CONTACT,,ADJUSTER_0025,Maaco,STF02,037-SAMPLE1193,202601,ZIP_0468,,2026-01-14 16:05:00,,0,0,0,NO MMR
037-SAMPLE1194,CUSTOMER_0195,CLAIM_0184,1238325,CDP_0002,2026-01-20,2026-01-22 09:00:00,CENTRAL,TX,SW,AREA_MGR_0026,GEN_MGR_0030,7601-34    - Houston Galleria HLE,1,1,0,0,COUNTER,COUNTER,(a)<30min,,ADJUSTER_0020,ABRA Auto Body,STF02,037-SAMPLE1194,202601,ZIP_0237, ,2026-01-22 12:23:00,2026-01-22 18:51:00,0,0,15,NO MMR
037-SAMPLE1195,CUSTOMER_0196,CLAIM_0032,1238325,CDP_0004,2026-01-20,2026-01-23 09:00:00,CENTRAL,TX,SW,AREA_MGR_0026,GEN_MGR_0030,7601-34    - Houston Galleria HLE,1,1,0,0,HRD - OKC,HRD - OKC,(c)1-3 hrs,,ADJUSTER_0088,Caliber Collision,STF02,037-SAMPLE1195,202601,ZIP_0296, ,2026-01-23 16:32:00,2026-01-23 17:20:00,0,2,0,NO MMR
037-SAMPLE1196,CUSTOMER_0197,CLAIM_0309,1238326,CDP_0002,2026-02-17,2026-02-18 09:00:00,CENTRAL,TX,SW,AREA_MGR_0026,GEN_MGR_0030,7601-34    - Houston Galleria HLE,1,0,0,1,HRD - OKC,HRD - OKC,(c)1-3 hrs,,ADJUSTER_0003,Gerber Collision & Glass,STF02,037-SAMPLE1196,202602,ZIP_0453, ,2026-02-18 16:46:00,2026-02-18 18:12:00,0,2,0,NO MMR
037-SAMPLE1197,CUSTOMER_0198,CLAIM_0346,1238323,CDP_0003,2026-02-03,2026-02-03 09:00:00,CENTRAL,TX,SW,AREA_MGR_0026,GEN_MGR_0030,7601-34    - Houston Galleria HLE,1,0,0,1,COUNTER,COUNTER,(b)31min - 1hr,,ADJUSTER_0045,Service King,STF02,037-SAMPLE1197,202602,ZIP_0405, ,2026-02-03 12:49:00,2026-02-03 12:39:00,0,0,45,MMR
037-SAMPLE1198,CUSTOMER_0199,CLAIM_0247,1238326,CDP_0006,2026-01-27,2026-01-29 09:00:00,CENTRAL,TX,SW,AREA_MGR_0026,GEN_MGR_0030,7601-34    - Houston Galleria HLE,1,0,0,1,NO CONTACT,NO CONTACT,NO CONTACT,,ADJUSTER_0029,Maaco,STF02,037-SAMPLE1198,202601,ZIP_0205, ,2026-01-29 12:49:00,,0,0,0,NO MMR
037-SAMPLE1199,CUSTOMER_0200,CLAIM_0485,1238326,CDP_0003,2026-02-10,2026-02-11 09:00:00,CENTRAL,TX,SW,AREA_MGR_0026,GEN_MGR_0030,7601-34    - Houston Galleria HLE,1,1,0,0,HRD - OKC,HRD - OKC,(c)1-3 hrs,,ADJUSTER_0001,ABRA Auto Body,STF02,037-SAMPLE1199,202602,ZIP_0201, ,2026-02-11 10:44:00,2026-02-11 17:54:00,0,2,0,NO MMR
037-SAMPLE1200,CUSTOMER_0201,CLAIM_0376,1238324,CDP_0003,2026-02-03,2026-02-04 09:00:00,EASTERN,FL,FL,AREA_MGR_0041,GEN_MGR_0039,7419-01    - Miami International HLE,1,0,0,1,COUNTER,COUNTER,(b)31min - 1hr,,ADJUSTER_0069,Caliber Collision,STF02,037-SAMPLE1200,202602,ZIP_0377, ,2026-02-04 13:06:00,2026-02-04 13:47:00,0,0,45,NO MMR
037-SAMPLE1201,CUSTOMER_0202,CLAIM_0349,1238321,CDP_0006,2026-02-03,2026-02-05 09:00:00,EASTERN,FL,FL,AREA_MGR_0041,GEN_MGR_0039,7419-01    - Miami International HLE,1,1,0,0,COUNTER,COUNTER,(a)<30min,,ADJUSTER_0045,Gerber Collision & Glass,STF02,037-SAMPLE1201,202602,ZIP_0366, ,2026-02-05 15:24:00,2026-02-05 12:47:00,0,0,15,NO MMR
037-SAMPLE1202,CUSTOMER_0203,CLAIM_0142,1238321,CDP_0001,2026-01-06,2026-01-07 09:00:00,EASTERN,FL,FL,AREA_MGR_0041,GEN_MGR_0039,7419-01    - Miami International HLE,1,0,0,1,NO CONTACT,NO CONTACT,NO CONTACT,,ADJUSTER_0088,Service King,STF02,037-SAMPLE1202,202601,ZIP_0398, ,2026-01-07 16:07:00,,0,0,0,MMR
037-SAMPLE1203,CUSTOMER_0204,CLAIM_0358,1238324,CDP_0001,2026-02-03,2026-02-03 09:00:00,EASTERN,FL,FL,AREA_MGR_0041,GEN_MGR_0039,7419-01    - Miami International HLE,1,0,0,1,COUNTER,COUNTER,(a)<30min,,ADJUSTER_0029,Maaco,STF02,037-SAMPLE1203,202602,ZIP_0391, ,2026-02-03 10:46:00,2026-02-03 13:16:00,0,0,15,NO MMR
037-SAMPLE1204,CUSTOMER_0205,CLAIM_0119,1238322,CDP_0006,2026-02-10,2026-02-10 09:00:00,EASTERN,FL,FL,AREA_MGR_0041,GEN_MGR_0039,7419-01    - Miami International HLE,1,1,0,0,HRD - OKC,HRD - OKC,(d)3-6 hrs,,ADJUSTER_0078,ABRA Auto Body,STF02,037-SAMPLE1204,202602,ZIP_0086, ,2026-02-10 12:12:00,2026-02-10 16:16:00,0,4,30,MMR
037-SAMPLE1205,CUSTOMER_0206,CLAIM_0133,1238321,CDP_0004,2026-02-03,2026-02-05 09:00:00,EASTERN,FL,FL,AREA_MGR_0041,GEN_MGR_0039,7419-01    - Miami International HLE,1,1,0,0,NO CONTACT,NO CONTACT,NO CONTACT,,ADJUSTER_0057,Caliber Collision,STF02,037-SAMPLE1205,202602,ZIP_0318, ,2026-02-05 13:53:00,,0,0,0,NO MMR
037-SAMPLE1206,CUSTOMER_0207,CLAIM_0320,1238321,CDP_0004,2026-01-27,2026-01-30 09:00:00,EASTERN,FL,FL,AREA_MGR_0041,GEN_MGR_0039,7419-01    - Miami International HLE,1,0,0,1,COUNTER,COUNTER,(b)31min - 1hr,,ADJUSTER_0039,Gerber Collision & Glass,STF02,037-SAMPLE1206,202601,ZIP_0326, ,2026-01-30 16:05:00,2026-01-30 15:09:00,0,0,45,NO MMR
037-SAMPLE1207,CUSTOMER_0208,CLAIM_0276,1238323,CDP_0002,2026-02-10,2026-02-10 09:00:00,EASTERN,FL,FL,AREA_MGR_0041,GEN_MGR_0039,7419-01    - Miami International HLE,1,1,0,0,NO CONTACT,NO CONTACT,NO CONTACT,,ADJUSTER_0024,Service King,STF02,037-SAMPLE1207,202602,ZIP_0358, ,2026-02-10 16:47:00,,0,0,0,NO MMR
037-SAMPLE1208,CUSTOMER_0209,CLAIM_0186,1238326,CDP_0002,2026-02-10,2026-02-10 09:00:00,EASTERN,FL,FL,AREA_MGR_0041,GEN_MGR_0039,7419-01    - Miami International HLE,1,0,0,1,HRD - OKC,HRD - OKC,(c)1-3 hrs,,ADJUSTER_0038,Maaco,STF02,037-SAMPLE1208,202602,ZIP_0069, ,2026-02-10 14:44:00,2026-02-10 13:47:00,0,2,0,MMR
037-SAMPLE1209,CUSTOMER_0210,CLAIM_0322,1238322,CDP_0002,2026-01-27,2026-01-30 09:00:00,EASTERN,FL,FL,AREA_MGR_0041,GEN_MGR_0039,7419-01    - Miami International HLE,1,0,0,1,HRD - OKC,HRD - OKC,(d)3-6 hrs,,ADJUSTER_0075,ABRA Auto Body,STF02,037-SAMPLE1209,202601,ZIP_0193, ,2026-01-30 15:38:00,2026-01-30 13:09:00,0,4,30,NO MMR
037-SAMPLE1210,CUSTOMER_0211,CLAIM_0058,1238326,CDP_0006,2026-01-13,2026-01-15 09:00:00,EASTERN,FL,FL,AREA_MGR_0041,GEN_MGR_0039,7419-01    - Miami International HLE,1,0,0,1,COUNTER,COUNTER,(b)31min - 1hr,,ADJUSTER_0027,Caliber Collision,STF02,037-SAMPLE1210,202601,ZIP_0058, ,2026-01-15 10:18:00,2026-01-15 16:40:00,0,0,45,NO MMR
037-SAMPLE1211,CUSTOMER_0212,CLAIM_0307,1238324,CDP_0003,2026-01-13,2026-01-15 09:00:00,EASTERN,FL,FL,AREA_MGR_0041,GEN_MGR_0039,7419-01    - Miami International HLE,1,0,0,1,COUNTER,COUNTER,(a)<30min,,ADJUSTER_0041,Gerber Collision & Glass,STF02,037-SAMPLE1211,202601,ZIP_0478, ,2026-01-15 10:31:00,2026-01-15 17:22:00,0,0,15,NO MMR
037-SAMPLE1212,CUSTOMER_0213,CLAIM_0301,1238322,CDP_0004,2026-02-03,2026-02-03 09:00:00,EASTERN,FL,FL,AREA_MGR_0041,GEN_MGR_0039,7419-01    - Miami International HLE,1,0,1,0,COUNTER,COUNTER,(a)<30min,,ADJUSTER_0078,Service King,STF02,037-SAMPLE1212,202602,ZIP_0004,MERGE RESERVATION,2026-02-03 10:31:00,2026-02-03 13:52:00,0,0,15,NO MMR
037-SAMPLE1213,CUSTOMER_0214,CLAIM_0330,1238322,CDP_0006,2026-02-17,2026-02-18 09:00:00,EASTERN,FL,FL,AREA_MGR_0041,GEN_MGR_0039,7419-01    - Miami International HLE,1,0,0,1,HRD - OKC,HRD - OKC,(d)3-6 hrs,,ADJUSTER_0025,Maaco,STF02,037-SAMPLE1213,202602,ZIP_0203, ,2026-02-18 13:14:00,2026-02-18 16:15:00,0,4,30,NO MMR
037-SAMPLE1214,CUSTOMER_0215,CLAIM_0077,1238322,CDP_0006,2026-02-10,2026-02-13 09:00:00,EASTERN,FL,FL,AREA_MGR_0041,GEN_MGR_0039,7419-01    - Miami International HLE,1,1,0,0,COUNTER,COUNTER,(a)<30min,,ADJUSTER_0016,ABRA Auto Body,STF02,037-SAMPLE1214,202602,ZIP_0486, ,2026-02-13 13:38:00,2026-02-13 12:51:00,0,0,15,NO MMR
037-SAMPLE1215,CUSTOMER_0216,CLAIM_0187,1238322,CDP_0004,2026-02-17,2026-02-19 09:00:00,EASTERN,FL,FL,AREA_MGR_0041,GEN_MGR_0039,7419-01    - Miami International HLE,1,1,0,0,COUNTER,COUNTER,(b)31min - 1hr,,ADJUSTER_0014,Caliber Collision,STF02,037-SAMPLE1215,202602,ZIP_0293, ,2026-02-19 15:57:00,2026-02-19 12:25:00,0,0,45,NO MMR
037-SAMPLE1216,CUSTOMER_0217,CLAIM_0119,1238324,CDP_0001,2026-02-17,2026-02-19 09:00:00,EASTERN,FL,FL,AREA_MGR_0041,GEN_MGR_0039,7419-01    - Miami International HLE,1,0,0,1,HRD - OKC,HRD - OKC,(c)1-3 hrs,,ADJUSTER_0089,Gerber Collision & Glass,STF02,037-SAMPLE1216,202602,ZIP_0170, ,2026-02-19 14:52:00,2026-02-19 13:07:00,0,2,0,NO MMR
037-SAMPLE1217,CUSTOMER_0218,CLAIM_0194,1238321,CDP_0006,2026-01-13,2026-01-15 09:00:00,EASTERN,FL,FL,AREA_MGR_0041,GEN_MGR_0039,7419-01    - Miami International HLE,1,0,1,0,HRD - OKC,HRD - OKC,(c)1-3 hrs,,ADJUSTER_0018,Service King,STF02,037-SAMPLE1217,202601,ZIP_0173,NO LONGER NEEDED,2026-01-15 14:19:00,2026-01-15 14:55:00,0,2,0,NO MMR
037-SAMPLE1218,CUSTOMER_0219,CLAIM_0469,1238324,CDP_0001,2026-01-13,2026-01-16 09:00:00,EASTERN,FL,FL,AREA_MGR_0041,GEN_MGR_0039,7419-01    - Miami International HLE,1,0,0,1,COUNTER,COUNTER,(b)31min - 1hr,,ADJUSTER_0002,Maaco,STF02,037-SAMPLE1218,202601,ZIP_0297, ,2026-01-16 13:04:00,2026-01-16 18:47:00,0,0,45,MMR
037-SAMPLE1219,CUSTOMER_0220,CLAIM_0174,1238323,CDP_0006,2026-02-03,2026-02-06 09:00:00,EASTERN,FL,FL,AREA_MGR_0041,GEN_MGR_0039,7419-01    - Miami International HLE,1,0,0,1,COUNTER,COUNTER,(b)31min - 1hr,,ADJUSTER_0091,ABRA Auto Body,STF02,037-SAMPLE1219,202602,ZIP_0489, ,2026-02-06 16:09:00,2026-02-06 16:23:00,0,0,45,NO MMR
037-SAMPLE1220,CUSTOMER_0221,CLAIM_0380,1238322,CDP_0001,2026-01-27,2026-01-28 09:00:00,EASTERN,FL,FL,AREA_MGR_0041,GEN_MGR_0039,7419-01    - Miami International HLE,1,0,1,0,COUNTER,COUNTER,(b)31min - 1hr,,ADJUSTER_0002,Caliber Collision,STF02,037-SAMPLE1220,202601,ZIP_0204,NO LONGER NEEDED,2026-01-28 13:35:00,2026-01-28 16:48:00,0,0,45,NO MMR
037-SAMPLE1221,CUSTOMER_0222,CLAIM_0279,1238324,CDP_0001,2026-02-17,2026-02-18 09:00:00,EASTERN,FL,FL,AREA_MGR_0041,GEN_MGR_0039,7419-01    - Miami International HLE,1,0,1,0,HRD - OKC,HRD - OKC,(d)3-6 hrs,,ADJUSTER_0081,Gerber Collision & Glass,STF02,037-SAMPLE1221,202602,ZIP_0162,NO LONGER NEEDED,2026-02-18 11:31:00,2026-02-18 14:29:00,0,4,30,NO MMR
037-SAMPLE1222,CUSTOMER_0223,CLAIM_0082,1238323,CDP_0004,2026-02-17,2026-02-18 09:00:00,EASTERN,FL,FL,AREA_MGR_0041,GEN_MGR_0039,7419-01    - Miami International HLE,1,1,0,0,COUNTER,COUNTER,(a)<30min,,ADJUSTER_0079,Service King,STF02,037-SAMPLE1222,202602,ZIP_0262, ,2026-02-18 14:54:00,2026-02-18 17:50:00,0,0,15,NO MMR
037-SAMPLE1223,CUSTOMER_0224,CLAIM_0450,1238321,CDP_0006,2026-01-13,2026-01-16 09:00:00,EASTERN,FL,FL,AREA_MGR_0041,GEN_MGR_0039,7419-01    - Miami International HLE,1,0,0,1,HRD - OKC,HRD - OKC,(c)1-3 hrs,,ADJUSTER_0060,Maaco,STF02,037-SAMPLE1223,202601,ZIP_0137, ,2026-01-16 15:48:00,2026-01-16 12:45:00,0,2,0,MMR
037-SAMPLE1224,CUSTOMER_0225,CLAIM_0262,1238324,CDP_0006,2026-01-13,2026-01-16 09:00:00,EASTERN,FL,FL,AREA_MGR_0041,GEN_MGR_0039,7419-01    - Miami International HLE,1,1,0,0,COUNTER,COUNTER,(a)<30min,,ADJUSTER_0052,ABRA Auto Body,STF02,037-SAMPLE1224,202601,ZIP_0204, ,2026-01-16 13:47:00,2026-01-16 16:55:00,0,0,15,NO MMR
037-SAMPLE1225,CUSTOMER_0226,CLAIM_0020,1238326,CDP_0003,2026-01-27,2026-01-30 09:00:00,EASTERN,FL,FL,AREA_MGR_0041,GEN_MGR_0039,7419-01    - Miami International HLE,1,0,0,1,HRD - OKC,HRD - OKC,(d)3-6 hrs,,ADJUSTER_0081,Caliber Collision,STF02,037-SAMPLE1225,202601,ZIP_0102, ,2026-01-30 13:47:00,2026-01-30 15:47:00,0,4,30,NO MMR
037-SAMPLE1226,CUSTOMER_0227,CLAIM_0218,1238326,CDP_0003,2026-01-06,2026-01-08 09:00:00,EASTERN,FL,FL,AREA_MGR_0041,GEN_MGR_0039,7419-01    - Miami International HLE,1,0,0,1,HRD - OKC,HRD - OKC,(c)1-3 hrs,,ADJUSTER_0032,Gerber Collision & Glass,STF02,037-SAMPLE1226,202601,ZIP_0448, ,2026-01-08 13:20:00,2026-01-08 15:54:00,0,2,0,NO MMR
037-SAMPLE1227,CUSTOMER_0228,CLAIM_0262,1238323,CDP_0004,2026-01-06,2026-01-06 09:00:00,EASTERN,FL,FL,AREA_MGR_0041,GEN_MGR_0039,7419-01    - Miami International HLE,1,1,0,0,COUNTER,COUNTER,(a)<30min,,ADJUSTER_0015,Service King,STF02,037-SAMPLE1227,202601,ZIP_0168, ,2026-01-06 12:04:00,2026-01-06 13:13:00,0,0,15,MMR
037-SAMPLE1228,CUSTOMER_0229,CLAIM_0372,1238323,CDP_0006,2026-02-10,2026-02-12 09:00:00,EASTERN,FL,FL,AREA_MGR_0041,GEN_MGR_0039,7419-01    - Miami International HLE,1,0,0,1,COUNTER,COUNTER,(a)<30min,,ADJUSTER_0023,Maaco,STF02,037-SAMPLE1228,202602,ZIP_0407, ,2026-02-12 16:41:00,2026-02-12 15:47:00,0,0,15,NO MMR
037-SAMPLE1229,CUSTOMER_0230,CLAIM_0469,1238325,CDP_0002,2026-01-06,2026-01-09 09:00:00,EASTERN,FL,FL,AREA_MGR_0041,GEN_MGR_0039,7419-01    - Miami International HLE,1,0,0,1,HRD - OKC,HRD - OKC,(c)1-3 hrs,,ADJUSTER_0085,ABRA Auto Body,STF02,037-SAMPLE1229,202601,ZIP_0352, ,2026-01-09 11:51:00,2026-01-09 17:15:00,0,2,0,NO MMR
037-SAMPLE1230,CUSTOMER_0231,CLAIM_0369,1238326,CDP_0004,2026-01-20,2026-01-22 09:00:00,EASTERN,FL,FL,AREA_MGR_0041,GEN_MGR_0039,7419-01    - Miami International HLE,1,0,0,1,HRD - OKC,HRD - OKC,(c)1-3 hrs,,ADJUSTER_0044,Caliber Collision,STF02,037-SAMPLE1230,202601,ZIP_0288, ,2026-01-22 11:02:00,2026-01-22 17:08:00,0,2,0,NO MMR
037-SAMPLE1231,CUSTOMER_0232,CLAIM_0061,1238323,CDP_0002,2026-02-10,2026-02-11 09:00:00,EASTERN,FL,FL,AREA_MGR_0041,GEN_MGR_0039,7419-01    - Miami International HLE,1,1,0,0,COUNTER,COUNTER,(a)<30min,,ADJUSTER_0020,Gerber Collision & Glass,STF02,037-SAMPLE1231,202602,ZIP_0341, ,2026-02-11 11:37:00,2026-02-11 15:09:00,0,0,15,MMR
037-SAMPLE1232,CUSTOMER_0233,CLAIM_0279,1238322,CDP_0004,2026-01-13,2026-01-15 09:00:00,EASTERN,FL,FL,AREA_MGR_0041,GEN_MGR_0039,7419-01    - Miami International HLE,1,0,1,0,HRD - OKC,HRD - OKC,(c)1-3 hrs,,ADJUSTER_0087,Service King,STF02,037-SAMPLE1232,202601,ZIP_0297,NO LONGER NEEDED,2026-01-15 14:55:00,2026-01-15 16:00:00,0,2,0,NO MMR
037-SAMPLE1233,CUSTOMER_0234,CLAIM_0297,1238322,CDP_0001,2026-01-27,2026-01-28 09:00:00,EASTERN,FL,FL,AREA_MGR_0041,GEN_MGR_0039,7419-01    - Miami International HLE,1,1,0,0,COUNTER,COUNTER,(a)<30min,,ADJUSTER_0072,Maaco,STF02,037-SAMPLE1233,202601,ZIP_0034, ,2026-01-28 13:37:00,2026-01-28 13:32:00,0,0,15,NO MMR
037-SAMPLE1234,CUSTOMER_0235,CLAIM_0433,1238323,CDP_0002,2026-02-10,2026-02-13 09:00:00,EASTERN,FL,FL,AREA_MGR_0041,GEN_MGR_0039,7419-01    - Miami International HLE,1,1,0,0,HRD - OKC,HRD - OKC,(d)3-6 hrs,,ADJUSTER_0095,ABRA Auto Body,STF02,037-SAMPLE1234,202602,ZIP_0265, ,2026-02-13 16:50:00,2026-02-13 13:38:00,0,4,30,NO MMR
037-SAMPLE1235,CUSTOMER_0236,CLAIM_0459,1238322,CDP_0004,2026-01-13,2026-01-16 09:00:00,EASTERN,FL,FL,AREA_MGR_0041,GEN_MGR_0039,7419-01    - Miami International HLE,1,0,0,1,HRD - OKC,HRD - OKC,(d)3-6 hrs,,ADJUSTER_0056,Caliber Collision,STF02,037-SAMPLE1235,202601,ZIP_0160, ,2026-01-16 14:23:00,2026-01-16 16:08:00,0,4,30,NO MMR
037-SAMPLE1236,CUSTOMER_0237,CLAIM_0109,1238321,CDP_0002,2026-02-10,2026-02-12 09:00:00,EASTERN,FL,FL,AREA_MGR_0041,GEN_MGR_0039,7419-01    - Miami International HLE,1,0,1,0,COUNTER,COUNTER,(a)<30min,,ADJUSTER_0069,Gerber Collision & Glass,STF02,037-SAMPLE1236,202602,ZIP_0416,VEHICLE REPAIRED EARLY,2026-02-12 12:48:00,2026-02-12 18:21:00,0,0,15,NO MMR
037-SAMPLE1237,CUSTOMER_0238,CLAIM_0126,1238323,CDP_0002,2026-01-20,2026-01-21 09:00:00,EASTERN,FL,FL,AREA_MGR_0041,GEN_MGR_0039,7419-01    - Miami International HLE,1,0,1,0,HRD - OKC,HRD - OKC,(c)1-3 hrs,,ADJUSTER_0087,Service King,STF02,037-SAMPLE1237,202601,ZIP_0406,,2026-01-21 13:20:00,2026-01-21 12:44:00,0,2,0,NO MMR
037-SAMPLE1238,CUSTOMER_0239,CLAIM_0457,1238321,CDP_0006,2026-01-13,2026-01-13 09:00:00,EASTERN,FL,FL,AREA_MGR_0041,GEN_MGR_0039,7419-01    - Miami International HLE,1,0,0,1,COUNTER,COUNTER,(b)31min - 1hr,,ADJUSTER_0096,Maaco,STF02,037-SAMPLE1238,202601,ZIP_0120, ,2026-01-13 13:26:00,2026-01-13 18:56:00,0,0,45,NO MMR
037-SAMPLE1239,CUSTOMER_0240,CLAIM_0006,1238323,CDP_0003,2026-02-03,2026-02-05 09:00:00,EASTERN,FL,FL,AREA_MGR_0041,GEN_MGR_0039,7419-01    - Miami International HLE,1,1,0,0,HRD - OKC,HRD - OKC,(c)1-3 hrs,,ADJUSTER_0069,ABRA Auto Body,STF02,037-SAMPLE1239,202602,ZIP_0296, ,2026-02-05 16:34:00,2026-02-05 13:01:00,0,2,0,MMR
037-SAMPLE1240,CUSTOMER_0241,CLAIM_0366,1238321,CDP_0004,2026-02-10,2026-02-13 09:00:00,EASTERN,FL,FL,AREA_MGR_0041,GEN_MGR_0039,7419-01    - Miami International HLE,1,0,1,0,NO CONTACT,NO CONTACT,NO CONTACT,,ADJUSTER_0067,Caliber Collision,STF02,037-SAMPLE1240,202602,ZIP_0324,VEHICLE REPAIRED EARLY,2026-02-13 12:05:00,,0,0,0,NO MMR
037-SAMPLE1241,CUSTOMER_0242,CLAIM_0345,1238322,CDP_0004,2026-01-06,2026-01-09 09:00:00,EASTERN,FL,FL,AREA_MGR_0041,GEN_MGR_0039,7419-01    - Miami International HLE,1,0,0,1,COUNTER,COUNTER,(a)<30min,,ADJUSTER_0049,Gerber Collision & Glass,STF02,037-SAMPLE1241,202601,ZIP_0493, ,2026-01-09 11:35:00,2026-01-09 13:12:00,0,0,15,NO MMR
037-SAMPLE1242,CUSTOMER_0243,CLAIM_0245,1238326,CDP_0002,2026-01-20,2026-01-21 09:00:00,EASTERN,FL,FL,AREA_MGR_0041,GEN_MGR_0039,7419-01    - Miami International HLE,1,0,0,1,HRD - OKC,HRD - OKC,(d)3-6 hrs,,ADJUSTER_0029,Service King,STF02,037-SAMPLE1242,202601,ZIP_0210, ,2026-01-21 13:28:00,2026-01-21 16:33:00,0,4,30,MMR
037-SAMPLE1243,CUSTOMER_0244,CLAIM_0122,1238325,CDP_0001,2026-02-17,2026-02-18 09:00:00,EASTERN,FL,FL,AREA_MGR_0041,GEN_MGR_0039,7419-01    - Miami International HLE,1,1,0,0,NO CONTACT,NO CONTACT,NO CONTACT,,ADJUSTER_0094,Maaco,STF02,037-SAMPLE1243,202602,ZIP_0495, ,2026-02-18 16:41:00,,0,0,0,NO MMR
037-SAMPLE1244,CUSTOMER_0245,CLAIM_0191,1238323,CDP_0001,2026-01-27,2026-01-30 09:00:00,EASTERN,FL,FL,AREA_MGR_0041,GEN_MGR_0039,7419-01    - Miami International HLE,1,0,1,0,COUNTER,COUNTER,(b)31min - 1hr,,ADJUSTER_0030,ABRA Auto Body,STF02,037-SAMPLE1244,202601,ZIP_0133,FOUND BETTER RATE,2026-01-30 15:06:00,2026-01-30 16:17:00,0,0,45,MMR
037-SAMPLE1245,CUSTOMER_0246,CLAIM_0223,1238324,CDP_0003,2026-02-03,2026-02-03 09:00:00,EASTERN,FL,FL,AREA_MGR_0041,GEN_MGR_0039,7419-01    - Miami International HLE,1,1,0,0,COUNTER,COUNTER,(b)31min - 1hr,,ADJUSTER_0042,Caliber Collision,STF02,037-SAMPLE1245,202602,ZIP_0064, ,2026-02-03 10:21:00,2026-02-03 16:25:00,0,0,45,NO MMR
037-SAMPLE1246,CUSTOMER_0247,CLAIM_0047,1238323,CDP_0006,2026-01-13,2026-01-13 09:00:00,EASTERN,FL,FL,AREA_MGR_0041,GEN_MGR_0039,7419-01    - Miami International HLE,1,1,0,0,COUNTER,COUNTER,(a)<30min,,ADJUSTER_0006,Gerber Collision & Glass,STF02,037-SAMPLE1246,202601,ZIP_0228, ,2026-01-13 16:33:00,2026-01-13 18:21:00,0,0,15,NO MMR
037-SAMPLE1247,CUSTOMER_0248,CLAIM_0154,1238325,CDP_0002,2026-01-20,2026-01-21 09:00:00,EASTERN,FL,FL,AREA_MGR_0041,GEN_MGR_0039,7419-01    - Miami International HLE,1,0,0,1,COUNTER,COUNTER,(b)31min - 1hr,,ADJUSTER_0078,Service King,STF02,037-SAMPLE1247,202601,ZIP_0224, ,2026-01-21 15:33:00,2026-01-21 16:27:00,0,0,45,MMR
037-SAMPLE1248,CUSTOMER_0249,CLAIM_0139,1238321,CDP_0006,2026-01-13,2026-01-13 09:00:00,EASTERN,FL,FL,AREA_MGR_0041,GEN_MGR_0039,7419-01    - Miami International HLE,1,1,0,0,COUNTER,COUNTER,(b)31min - 1hr,,ADJUSTER_0032,Maaco,STF02,037-SAMPLE1248,202601,ZIP_0219, ,2026-01-13 12:25:00,2026-01-13 12:54:00,0,0,45,MMR
037-SAMPLE1249,CUSTOMER_0250,CLAIM_0200,1238322,CDP_0004,2026-02-10,2026-02-10 09:00:00,EASTERN,FL,FL,AREA_MGR_0041,GEN_MGR_0039,7419-01    - Miami International HLE,1,1,0,0,COUNTER,COUNTER,(a)<30min,,ADJUSTER_0075,ABRA Auto Body,STF02,037-SAMPLE1249,202602,ZIP_0303, ,2026-02-10 16:01:00,2026-02-10 18:53:00,0,0,15,NO MMR